,Comments,tokens,label
0,솔직히먹어봤는데트러플을접해보지못한일반인인나는차이를느끼지못했다,솔직히 먹어 봤는데 트러플 접해 보지 못 일반인 차이 느끼지 못하다,0
1,이거화사때문에출시된거네ㅋㅋㅋ,화사 때문 출시 된거,2
2,그냥짜파게티에달걀후라이가젤맛있음,그냥 짜파게티 달걀후라이 가 제일 맛있음,0
3,김발어디갔는데               컵라면엔김발인데              김발어디갔냐구요옷   힝ㅠㅠ,김발 어디 갔는데 컵라면 김발 김발 어디 갔냐,2
4,오늘자하이라이트입니다ㅋㅋㅋㅋㅋ,오늘 하이라이트 입니다,2
5,저는짜파게티맛이예전맛이안나는거같아서항상아쉬웠었는데트러플소스들어가고나서옜날어릴적먹던짜파게티맛이느껴져서너무너무너무너무너무       좋았어요         ㅠㅠ,짜파게티 맛 안나 같아서 항상 아쉬웠었는데 트러플 소스 들어가고 나서 옜날 어릴 먹던 짜파게티 느껴져서 좋았어요,1
6,일반짜파게티컵라면이랑트러플짜파게티컵라면이랑제조방법달라요  이거완전중요뽀인트인디,짜파게티 컵라면 트러플 짜파게티 컵라면 제조 방법 달라 완전 포인트인디,2
7,오  컵라면뚜껑에젓가락끼워놓을수있는곳이있는줄몰랐네요ㅋㅋㅋ완전꿀팁이네요근데트러플오일      는뭐지ㅋㅋㅋㅋ제조할때송로버섯담궜다뺐나ㅋㅋㅋㅋ,컵라면 뚜껑 젓가락 끼워놓을수있는 있는줄 몰랐네요 완전 꿀팁 트러플 오일 제조 송로버섯 담궜다 뺐나,0
8,트러플  개모아서한개에넣어서먹오봐요,트러플 모아서 한 넣어서 먹어봐요,2
9,젓가락구멍있는거옛날부터원래있었나요     왜저는  년간몰랐죠,젓가락 구멍 있는거 옛날 원래 있었나요 왜 저 몰랐다,2
10,솔직한리뷰잘봤구요 그냥트러플오일하나사서두어방울뿌려먹는게낫겠지싶네요 대세에동참해서평점좋은트러플오일을짜장라면해먹을때마다넣어봤는데s s    기회되시면마라탕도해주세요,솔직한 리뷰 봤구요 그냥 트러플 하나 사서 두어 방울 뿌려 먹는게 낫겠지 싶네요 대세 동참 해서 평점 좋은 트러플 오일 짜장라면 해먹 넣어 봤는데 기회 되시면 마라 해주세요,0
11,먹어봤는데그냥   호기심에한번먹어봄직한맛이고두번은안사먹을맛임,먹어 봤는데 그냥 호기심 한번 먹어 한 번은 사먹을 맛임,0
12,진짜트러플이무슨맛인지는모르겠지만난개인적으로맛있음,진짜 트러플 무슨 모르겠지만 개인적으로 맛있음,1
13,형이벤트성쓸고라면어떠십니까짜파게티기존쓸고라면레시피적용하되라면만짜파게티에서컵트러플짜파게티로해서비교체험,이벤트 쓸고라면 어떠십니까 짜파게티 기존 쓸고라면 레시피 용하되 라면 짜파게티 트러플 짜파게티 해서 비교 체험,2
14,짜파게티와첫키스,짜파게티 첫키스,1
15,진짜표정에서아쉬움이엄청묻어나오시네요ㅋㅋ,진짜 표정 아쉬움 묻어 나오시네요,0
16,짜파게티에구멍이없는이유 국물따라버리는라면이아니고국물이랑같이먹는라면류라는것그래서짜파게티용기안에는물표기선이존재,짜파게티 구멍 없는 이유 국물 따라 버리는 라면 아니고 국물 먹는라면 짜파게티 용기 표기 존재,2
17,오일도저렴이니트러플향도그닥인데   그나마있던향도 짜장에묻혀일반이랑 큰차이가없드라구요,오일도 저렴 트러플 있던 짜장 묻혀 일반 차이,0
18,나는그냥맛이없었다   ㅠㅠㅠㅜ,그냥 맛없었다,0
19,맛없어요올리브오일과별차이없음,맛없어요 올리브오일 차이 없음,0
20,전자렌지돌려드시면나름향이오래가요 물은유탕면이반쯤잠기게넣고분말스프넣고전자렌지 분돌리시고마지막에트러플오일넣으면향과맛이조금오래가더라구요,전자렌지 돌려 드시면 나름 향 오래가요 유탕면 반 잠기게 넣고 분말 스프 넣고 전자렌지 돌리시 마지막 트러플 오일 넣으면 맛 향 조금 오래 가더라구요,1
21,이거분명히이벤트때장난으로투표해서트러플이된거같은데진짜로만들었넼ㅋㅋㅋㅋ,분명히 이벤트 투표 해서 트러플 된거 같은데 진짜 만들었,1
22,아니오늘따라소프님왤케흥분했어요ㅋㅋㅋㅋ완전흥분상태이신게보인닼ㅋㅋㅋㅋ,아니 오늘 따라 소프 흥분했어요 완전 흥분 상태 보인,2
23,다른리뷰보고꽤똑같대서먹어봤는데그냥트러플짜파게티체험판같은느낌이였어요ㅋㅋ계란노른자넣으면진짜똑같다는데궁금하네여,다른 리뷰 보고 똑같 대서 먹어 봤는데 그냥 트러플 짜파게티 체험판 같은 느낌 였어요 계란노른자 넣으면 진짜 똑같다는데 궁금하네여,0
24,제품보자마자화사가떠올랐  ㅎㅎ,제품 보자마자 화사 떠올랐,2
25,먹어보고싶다,먹어 보고싶다,1
26,먹으면서봤는데딱어떤느낌이냐면 봐라 트러플맞지 향나지  이런느낌   저것때매막맛있어지는건아니고트러플이라는맛을느껴보고싶으면한번먹어볼만한 개인적으로그냥짜파게티컵라면이훨씬맛있어요,먹으면서 봤는데 어떤 느낌 봐라 트러플 맞지 나지 이런 느낌 것때 맛있어지는건 아니고 트러플 느껴 보고싶으면 한번 먹어 개인 그냥 짜파게티 컵라면 맛있어요,0
27,이런리뷰소소하지만진짜유익한듯  ㅋㅋ,이런 리뷰 소소하지만 진짜 유익한듯,2
29,송로버섯그냥콕찍었다가뺀듯   ㅋㅋㅋㅋㅋ,송로버섯 그냥 찍었다가 뺀듯,0
30,ㅋㅋㅋ저거후첨오일만모아서다른요리에활용안되나요,후 첨가 오일만 모아서 다른 요리 활용 안되나요,2
31,일반짜파게티랑비슷해보이는데한번쯤맛보고싶네요ㅋㅋ오늘도잘봤습니다,짜파게티 비슷해 보이는데 한번 맛보고싶네요 오늘 잘봤습니다,1
32,쓸고라면해주세요ㅋㅋ,쓸고라면 해주세요,2
33,고급짜파게티네요트러플오일맛첨가돼어더맛나겠어요,고급 짜파게티 트러플 첨가 되어 더 맛나겠어요,1
34,형머리카락도같이날아가,머리카락 날아가,2
35,랍스타라면같은느낌이네   ㅋㅋㅋ,랍스타 라면 같은 느낌,2
36,편돌이임 다들공감하시겠지만이거먹을바엔사천짜파게티막음우리매장에서트러플짜    일반짜    사천짜    사천은   원더주고먹을만한데트러플은ㄴㄴ,돌이 공감 하시겠지만 먹을 사천 짜파게티 막음 우리 매장 트러플 일반 사천 사천원 더 주고 먹을만한 트러플,0
37,와우,와우,1
38,오호   짜파게티엄청조아하는데,오호 짜파게티 조아하는데,1
39,지금먹고있는데 개인적으론담백하고맛있어용,지금 먹고있는데 개인 담백하고 맛있어용,1
41,트러플짜파게티로쓸고라면한번해주세요,트러플 짜파게티 쓸고라면 한번 해주세요,2
42,아     샀는데      아       좀만더   아,샀는데,2
43,제가투표했던그트러플짜장면이나왔네요 ㅎㅎ궁금해서선택했었는데한번먹어봐야겠어요,투표 했던 트러플 짜장면 왔네요 궁금해서 선택 했었는데 한번 먹어 봐야겠어요,1
44,여따트러플갈아서향왕창나게먹어주세요,트러플 갈아 향 왕창 나게 먹어주세요,1
45,소프님짜파게티전자레인지 분에  됩니다,소프 짜파게티 전자레인지 됩니다,2
46,요즘짜파게티랑조리법비슷하다고하셨는데요즘짜파게티는물을안버립니다,요즘 짜파게티 조리법 비슷하다고하셨는데 요즘 짜파게티 물을 안버립니다,2
47,와근데원래짜컵은올리브유없는데이겄은트러플오일,원래 올리브유 없는데 트러플 오일,1
48,ㄴㅏ방금먹었는데  기존꺼보다더느끼하던데  나만그런가  트러플자체를모르지만,방금 먹었는데 기존 느끼하던데  트러플 자체 모르지만,0
49,혹시짜장분말스프를먼저다비비고오일을그다음에비비면향이더많이나지않을까여,혹시 짜장 분말 스프 먼저 비비고 오일 그다음 비비 나지 않을까,2
50,기존짜파게티에는콬콬콬없는데   ㅠㅠ,기존 짜파게티 콬콬콬 없는데,2
51,두개끓여서하나는그냥먹고다음꺼에유성스프두개를넣고먹으면,끓여서 하나 그냥 먹고 다음꺼에 유성 스프 넣고 먹으면,2
52,정보감사합니다살가고민했는데,정보 감사합니다 고민 했는데,1
53,후첨트러플소스만모아서트러플요리가가능할지요 ㅎㅎ,트러플 소스 모아서 트러플 요리 가능할지요,1
54,짜파게티에있는트러플오일만빼서요리해주새요소프님,짜파게티 있는 트러플 오일만 빼서 요리 해주 소프,1
55,소프트한소프님살찐듯,소프트 소프 살찐듯,2
56,솔직히트러플관련상품을좀이용해봤다면 진짜트러플의함량보다트러플향추출물의함량이높은게향이더진하다는걸알것이기에   한정이라면좀더넣어줄줄알았는데아위워요 ㅅ,솔직히 트러플 관련 상품 좀 이용 해봤다면 진짜 트러플 함량 트러플 추출물의 함량 높은게 진하다는걸 알 것이기에 정이 라면 좀더 넣어줄줄 알았는데 아쉬워,0
57,와소프님소름지금동네편의점 군데찾아서겨우사오는길인데영상바로왔네요ㅎ ㅎ,소프 소름 지금동 편의점 군데 찾아서 겨우 사오는 영상 바로 왔네요,1
58,아배고파,배고파,2
59,행보캐,행복,1
60,ㅋㅋ그냥마트에서트러플오일사놓고먹어야겠어요,그냥 마트 트러플 오일 사놓고 먹어야겠어요,0
61,농심이농심한듯,농심 농심,0
62,트러플향진짜조금나고맛은안난다고봐도됨,트러플 향 진짜 조금 나고 봐도,0
63,트러플향이난다고요,트러플 향 난다,1
64,협찬은아니죠 ㅋㅋ,협찬 아니죠,2
65,막재생하고쇼핑몰검색해서장바구니에담고있었는데아무래도한개먹어보고더구매할지말지결정해야겠네요 ㅅㅇ에서삼계탕면도한정판으로나왔다던데같이사봐야겠어요,재생 쇼핑몰 검색 해서 장바구니 담고있었는데 한개 보고 구매 할지말지 결정 해야겠네요 삼계탕 면도 한정판 나왔다던데 같이 사봐야겠어요,1
66,먹어봤는데처음엔트러플향이나다가먹을수록표고버섯향이많이나더라구요,먹어 봤는데 처음 트러플 나다가 먹을수록 표고버섯 나더라구요,0
67,만넣어줬다면좋았을텐데  단가가안맞려나,넣어 줬다면 좋았을텐데 단가 가안 맞려나,0
68,이제라면도고급지네요ㅋㅋ저희는오늘 명란해물파전 준비했어요,라면 고급지네 저희 오늘 명란 해물파전 준비 했어요,1
69,트러플액상을나중에넣으면어떨까요   스프먼저넣어서물조절하고다비빈다음먹기전에트러플액상추가,트러플 나중 넣으면 어떨까 스프 먼저 넣어서 조절 다비 빈다음 먹기전에 트러플 액상 추가,1
70,형님    오늘따라   정수리가많이비어보입니다,형님 오늘 따라 정수리 많이 비어 보입니다,2
71,후첨소스를두개넣으면맛있겠네용,소스 넣으면 맛있겠네,1
72,김발이는어디에,김발 어디,2
73,역시믿고거르는농심농심은안먹음ㅋㅋ,역시 믿고거 농심 농심 안먹음,0
74,계란노른자를싹넣어주면더맛있데용,계란노른자 넣어주면 맛있데용,1
75,원래짜파게티는콕콕곡이없는대  생겼내,원래 짜파게티 없는대 생겼내,2
76,어 원래짜파게티물안버리고먹는데 조리법동일안해요,원래 짜파게티 물안 버리고 먹는데 조리법 안해,2
77,후첨소스 그런게있군요ㅋㅋㅋㅋ오늘도새로운거알아갑니다ㅋㅋㅋ,소스 그런게 있군요 오늘 새로운거 갑니다,1
78,뚜껑에나무젓가락꿀팁배우고갑니당,뚜껑 나무 젓가락 꿀팁 배우고 갑니당,2
79,원래짜파게티좋아하는데이제품은 좋은의미로 풍미가다르더라고요 저는굉장히맛있게먹었어요 한정판이래서좀더사서쟁여두려고요 반숙후라이랑먹었는데오히려노른자가트러플짜파게티의풍미를방해해서따로빼서먹었어요,원래 짜파게티 좋아하는데 제품 좋은 의미 풍미 다르더라고요 굉장히 맛있게 먹었어요 한정판 좀더 사서 두려고요 반숙 후라이 먹었는데 오히려 노른자 트러플 짜파게티 미를 방해 해서 빼서 먹었어요,1
80,컵라면도많은데오일 개를한개에몰빵해서먹어봐요 나머지는안버리고그냥짜파게티해먹으면됨,컵라면 많은데 오일 해서 먹어 봐요 나머지 버리고 그냥 짜파게티 해먹,2
81,일반짜파게티컵은물버리는부분이없고버리는게아닌데저건물버리는거네,짜파게티 버리는 부분 없고 버리는게 아닌데 물 버리는거네,2
82,컵라면을봉지라면처럼조리하면괜찮지않을까요    아니려나,컵라면 봉지 라면 조리 괜찮지 않을까요 아니려나,2
83,진찌트러플맞아가격이  마진남냐,진짜 트러플 맞아 가격 마진 남냐,1
84,크러플소스를따로사서뿌려먹는게갑입니가,트러플 소스 사서 뿌려 먹는게 갑입니다,0
85,이거끓여먹으면대존맛임,끓여 먹으면 대존맛,1
86,저거처음샀을때콕콕콕있는지도모르고과립스프넣어서국물있는짜파게티로먹음,처음 샀을 있는지도 모르고 과립 스프 넣어서 국물 있는 짜파게티 먹음,2
87,기대하고먹어봤는데저도향이약해서어 뭐지    했네요 일반짜파게티 트러플오일조화가더나은것같습니다ㅎ,기대하고 먹어 봤는데 향 약해서어 뭐지 했네요 일반 짜파게티 트러플 오일 조화 더 나은것 같습니다,0
88,과립스프를다비비고나서후첨을뿌려서먹으면좀더먹으면서느낄수있으려나,과립 스프 다비 비고 서후 뿌려서 먹으면 좀더 먹으면서 느낄수있으려나,2
89,알코올로닦으시는거면닦으시지마시고말려야효과가있습니담,알코올 닦으시는거면 닦으시지 마시고 말려야 효과,2
90,짜파게티물버리는거아니어요,짜파게티 버리는거 아니,2
91,화사짜파게티,화사 짜파게티,2
92,만약이게트러플향이라면난다시는트러플안먹을래했는데그게진짜향이었다니    시큼시큼하면서코확찌르는냄새였는데전향기라기보다는냄새라고생각이강하게드네요    ㅠ이게왜 대진미라고하는지모르겠는,만약 트러플 라면 다시는 트러플 먹을래 했는데 그게 진짜 이었다니 시큼시큼 코 찌르는 냄새 였는데 향기 냄새 생각 강하게 왜 진미 하는지 모르겠는,0
93,맛없음,맛없음,0
94,컵라면짜파게티는물안버리잖아요,컵라면 짜파게티 물안 버리잖아요,2
96,뭔가김길중님살찐버전같다,뭔가 김길 살찐 버전 같다,2
98,기존짜파게티가훨씬맛있습니다다신안사먹을라고요드럽게맛없네요,기존 짜파게티 맛있습니다 다신 안사먹 드럽게 맛없네요,0
99,그걸왜먹니,왜 먹니,0
100,짜파게티하니깐갑자기궁금한데볶음너구리로짜파구리하면어떤맛이날까요,짜파게티 갑자기 궁금한데 볶음 너구리 짜파구리 어떤 까요,2
103,트러플은호불호가갈리기때문에일부러좀약하게한듯싶네요ㅋㅋㅋㅋㅋ저같앗으면트러플오일더뿌려서먹엇을거같습니다ㅋㅋㅋㅋ,트러플 호불호 갈리기 때문 일부러 약하게 싶네요 같앗으면 트러플 뿌려서 먹었을 같습니다,0
104,짜장분말다비비고위에오일을뿌려서슥먹는것도괜찮겠네융,짜장 분말다 비비고 위 오일 뿌려서 먹는것도 괜찮겠네,2
105,기존짜파게티는스프넣고비벼먹는게아니지않나요,기존 짜파게티 스프 넣고 비벼 먹는게 아니지 않나요,2
106,아쉽다한개먹고한개더먹으면서후첨소스만한개에두개넣어봤으면,아쉽다 한 먹고 한 더 먹으면서 소스 한개 두개 넣어 봤으면,0
107,난지금먹으면서 향은다른데 ㅇ 뭐지 ㅊ그러면서다시한입먹으니식감은같은데계속맛이좀다르다가그냥짜파게티군아  함,지금 먹으면서 향 다른데 그러면서 다시 먹으니 식감은 같은데 계속 다르다가 그냥 짜파게티,0
108,쫌퀘퀘한그런냄새우리집식구들은다싫어하는데이구동성으로하는말은 참기름이훨낫다 ㅋㅋㅋ,쫌퀘퀘 그런 냄새 우리 식구 싫어하는데 이구 동성 하는 말은 참기름 훨씬낫다,0
109,일반짜파게티에는콕콕콕시스템이없다,짜파게티 시스템 없다,2
111,일반인들짜파게티트러플향이나맛은잘못느낄것같다 ㅎㅎㅎㅎ,일반인 짜파게티 트러플 잘 못 느낄것 같다,0
113,차라리 개를따로끓여서하나는후첨스프 개넣어서먹고나머지하나는그냥짜파게티로즐기면될듯  ㅋㅋㅋ,차라리 끓여서 하나 스프 넣어서 먹고 나머지 하나 그냥 짜파게티 즐기면 될듯,0
114,기존짜파게티컵라면은콕콕콕부분이없고젓가락넣어두는곳도없습니다 제가몇일전에먹어본기억으로는그런거같습니다,기존 짜파게티 컵라면 부분 없고 젓가락 넣어 두는 곳도 없습니다 일전 먹어 기억 그런거 같습니다,2
115,소프님엄니가이번주토요일생일인데요리하는제가어떻게해야할지가남이안되네요,소프 엄니 이번 토요일 생일 요리 어떻게 해야 할지가 안되네요,2
116,믿고보는소프님리뷰우,믿고 보는 소프 리뷰,2
117,나만트리플짜파게티로봄,트리플 짜파게티,2
118,트러플짜파게티조리법이면익으면스프넣어서비벼먹는거면일반짜파게티랑조리법이다릅니다일반짜파게티는스프넣은상태에서물넣고비벼먹는거라약간다릅니다,트러플 짜파게티 조리법 익으면 스프 넣어서 비벼 먹는거면 일반 짜파게티 조리법 다릅니다 일반 짜파게티 스프 넣은 상태 넣고 비벼 먹는거라 약간 다릅니다,2
119,우와화사효과쩔탱,우와 화사 효과,1
120,노노재팬ㅎㅎ,노노 재팬,2
121,화사가또오,화사 또오,2
122,개오바질이야ㅋㅋㅋ,개오바,0
123,도당황하게만든홍사운드님짱짱맨,당황하 만든 사운드 짱짱맨,2
124,소프님애청자입니다요새같은상황에굳이일본관련제품은좀안타깝네요하지만앞으로는좋은컨텐츠응원합니다,소프 청자 입니다 요새 같은 상황 굳이 일본 관련 제품 안타깝네요 하지만 좋은 컨텐츠 응원 합니다,2
125,라면도똑같을지는모르겠지만원래춘장자체가맛이워낙에강하기때문에다른맛들을많이가리기때문에아무리좋은재료를넣고이것저것해봐도짜장은결국거의짜장맛을벗어나기가쉽지가않습니다 굴소스도넣고여타다른소스넣고해봤는데결국에는소금미원설탕맛이랑크게벗어나질않습니다 근데트러플  이라  니  ㅋㅋ그냥어그로네요 ㅎㅎ금새망할듯,라면 똑같을지는 모르겠지만 원래 춘장 자체 워낙 강하기 때문 다른 가리기 때문 좋은 재료 넣고이것 해봐도 짜장 거의 짜장 벗어나기 가쉽 않습니다 굴소스 넣고 여타 다른 소스 넣고 해봤는데 소금 미원 설탕 크게 벗어나질 않습니다 트러플 이라 그냥 어그로 금새 망할듯,0
126,오뚜기였으면,오뚜기 였으면,0
127,혹시후첨스프의향을다른요리에넣었을때일반트러흘오일처럼향을쓸수있을까요 트러플오일하고차이가얼마나나는지궁금합니다,혹시 스프 의향 다른 요리 넣었을 일반 트러흘 오일 쓸수있을까요 트러플 오일 차이 얼마나 는지 궁금합니다,2
128,트럼프짜파게티,트럼프 짜파게티,2
129,소프님방송개인적으로너무좋아하는방송이지만 이시기에롯데계열사인농심껄리뷰하는건짧은생각으로는참안좋아보이네요,소프 방송 개인 좋아하는 방송 시기 롯데 열사 농심 리뷰 짧은 생각 안좋 아보,0
130,라면에다가프리미엄화좀안시켰으면좋겠다제발,라면 프리미엄 좀안 시켰으면 좋겠다 제발,0
131,저도신제품나오고먹어봤는데음   두개가격이면세개짜파게티를먹어야겠다싶었습니다ㅠ입맛이저렴한가봐요ㅠ그리고이제시작한하꼬유튜브로써소프님영상자주보고많이배웁니다,신제품 나오고 먹어 봤는데 가격 짜파게티 먹어야겠다싶었습니다 입맛 저렴한 가봐요 그리고 이제 시작 유튜브 로써 소프 영상 주보 배웁니다,0
132,아오랜만에보는데왜케살이쪘어요,오랜 보는데 왜케 살이 쪘어요,2
133,농심제품은불매라먹어보진않을듯합니다,농심 제품 불매 먹어 보진 않을듯 합니다,0
134,참고로편의점기준으로트러플짜파게티는개당    원으로일반짜파게티컵보다   원더비싸답니다,참고 편의점 기준 트러플 짜파게티 개당 짜파게티 원더 비싸답니다,0
136,농심이그렇죠뭐,농심 그렇죠,0
137,농심전범기업이랑손잡았다고나오던데,농심 전범 기업 손잡았다고 나오던데,0
138,아니물버리는거아니에요아직도먹는방법을모르시는분이계실줄이야,아니 버리는거아니에요 먹는 방법 모르시는 계실줄이야,2
139,향을극대화하려면과립스프넣고비빈후에별첨소스를맨마지막에넣고코팅하는느낌으로비벼서드셔보세요,극대 화하려면 과립 스프 넣고 비빈 소스 마지막 넣고 코팅 느낌 비벼서 드셔 보세요,1
140,먹는방법알려드림  친구와트러플짜파게티를산다   서로가위바위보를해서이긴사람에게트러플몰아준다   한짜파게티에오일 개부어서진 트러플짜파게티를만든다   짜파게티가 개가있을것이다 진 짜파게티를친구들에게한입씩주고친구들짜파게티한입씩가져온다   친구들짜파게티를먹고나서진 짜파게티를즐긴다  주의사항  친구들이한입먹고뺏어먹으려고젓가락으로존시나게찌를것이다 난무빙치면서빨리먹는다 내경험담이다,먹는 방법 알려 드림 친구 트러플 짜파게티 산다 서로 가위바위보 해서이긴 사람 트러플 몰아 준다 짜파게티 오일 부어 서진 트러플 짜파게티 만든다 짜파게티 개가있을것이다 짜파게티 친구 주고 친구 짜파게티 가져온다 친구 짜파게티 먹고 나서진 짜파게티 즐긴다 주의 사항 친구 먹고 뺏어 먹으려고 젓가락 존시나 찌를것이다 난무 치면 먹는다 험담,0
141,농심은믿고거름,농심 믿고 거름,0
142,어짜피시중에나와있는   만원짜리트러플오일도가짜인데고작    원도안되는가격의라면에들어갔다면향이오래갈거란기대를하는게잘못이죠ㅎ그냥이런게있구나하는정도ㅎ,시중 와있는 만원 짜리 트러플 오일도 가짜 고작 원도 안되는 가격 라면 들어갔다면 이오 갈거란 기대 하는게 잘못 그냥 이런 있구나하는 정도,1
143,추출물이란걸     프로넣어도이름지어서팔아먹을수있구나  일반싸구려버섯에     프로넣어서트러플버섯이라고팔아먹어야돼겠네요좋은아이템감사합니다,추출 프로 넣어도 이름지어서 먹을수있구나 싸구려 버섯 프로 넣어서 트러플 버섯 먹어야 돼겠네요 좋은 아이템 감사합니다,0
144,트러플을트러블로봤네   먹고트러블이라도생긴다는줄알았네,트러플 트러블 봤네 먹고 트러블 생긴다는 알았네,2
145,농심짜파게티   다른짜장라면에비해물버리는거없이졸이면서면에배는장식같은데   컵라면면삶고추첨양념은아닐꺼같아요,농심 짜파게티 다른 짜장라면 해물 버리는거 졸이면 서면 배는 장식 같은데 컵라면 삶고 추첨 양념 아닐꺼 같아요,2
146,형님볼때마다튀어나온턱주가리쳐서넣어주고싶네요,형님 볼때 튀어나온 턱주가리 쳐서 넣어주고싶네요,2
147,유투버들왜이리일본기업을못써서안달입니까   먹방유투버라그딴거신경안써도되지뭐인거같은데    좀실망입니다  년구독자인데 강요는아니지만조심은하셨어야죠,유투 버들 일본 기업을 못 써서안 달입니까 먹방 유투 그딴 신경안 써도되 같은데 실망 입니다 독자 강요 아니지만 조심 하셨어야죠,2
148,농심은일본회사인데,농심 일본 회사,0
149,일본불매하는시기에농심은쫌,불매 하는시기에 농심,0
150,어우사람들농심이라고겁나뭐라그러네  농심불매해봤자애꿎은농심직원들만피해입을뿐임  경제는위축되고 우리나라의경제를책임지는대기업중하나인농심을불매한다는건진짜이해가안가네요  그리고갠적으로일본이괘씸하다느껴져서불매한다는걸내가감놔라배놔라할순없는데우리나라의외교와경제를위해서는불매는전 혀도움이되지않는다는걸알아두셨으면좋겠네요,사람 농심 겁나 뭐라 그러네 농심 불매 해봤 자애 농심 직원 피해 뿐임 경제 위축 되고 우리나라 경제 책임지는 대기업 하나 농심 불매 한다는 진짜 이해 가안 가네요 그리고 일본 괘씸하다 느껴져서 불매 한다는 가감 놔라 놔라 없는데 우리나라 외교 경제 위해 서는 불매 도움 되지 않는다는걸 두셨으면 좋겠네요,2
151,농심관계자여러분맛나는라면좀개발해주새여,농심 관계자 여러분 는라면 개발 해주,0
152,짜파게티는역시옛날리즈시절맛이최고같아요,짜파게티 역시 옛날 리즈시절 최고 같아요,0
153,ㅋㅋㅋㅋㅋㅋㅋㅋㅋㅋㅋㅋㅋㅋㅋㅋㅋㅋㅋㅋㅋㅋㅋㅋㅋㅋㅋㅋㅋㅋㅋㅋㅋㅋㅋㅋㅋㅋㅋㅋㅋㅋㅋㅋㅋㅋㅋㅋㅋㅋ자연스럽게어이없고또자연스러워서내가뭔말하는지도모르겠고걍보다가처웃었네,자연 어이없고 자연스러워서 지도 모르겠고 보다가 웃었네,2
154,사먹어볼라다가말았는데다행이네요,사먹어 볼라 다가 말았는데 다행,0
155,난형방송이진짜좋아,방송 진짜 좋아,2
156,화사 뿌듯  ㅋㅋㅋㅋ,화사 뿌듯,1
157,마지막인사너무새침해졌어형,마지막인사 새침해졌 어형,2
158,우리가아는그맛          기대햇거늘,우리 아는 햇거늘,0
159,역시짜파게티컵은후레이크다빼고킹갓레인지 분이진리   씨유가서행사상품이나집어와야지ㅎ,역시 짜파게티 레이크 빼고 킹갓 레인지 분이진리 씨유 행사 상품 집어 와야지,0
160,고물찡영상오랜만에본다ㅠㅠㅠㅠ저취직해서직장에서죽어가고있슴다ㅠㅠ살려줘,고물 영상 오랜 본다 취직 해서 직장 죽어가고있 살려줘,2
161,ㅋㅋㅋㅋㅋ고물님넘재밌어요사랑해요   ㅋㅋ,고물 재밌어요 사랑,2
162,오완전궁금해서먹어볼까했는데딱올려주시넹대박ㅠㅠ,완전 궁금해서 먹어 볼까 했는데 올려주시 대박,2
163,고물님후기기다렸어요 아직주변마트에서못봤는데  그냥트러플오일사서먹을래요ㅎㅎ,고물 후기 기다렸어요 주변 마트 봤는데 그냥 트러플 오일사 먹을래요,0
164,헉전진짜맛있었는데ㅠㅠ,진짜 맛있었는데,1
165,몇일전에짜파게티먹으면서궁금했었는데리뷰를해주셨네용 저도트러플오일은잘모르지면고물님말씀대로민생라면같은걸하나더사먹겠습니다 ㅋ오늘도짭조름한    리뷰감사합니다고물님,일전 짜파게티 먹으면서 궁금했었는데 리뷰 해주셨네 트러플 오일 모르지면 고물 말씀 민생 라면 같은걸 하나 사먹겠습니다 오늘 조름한 리뷰 감사합니다 고물,0
166,진짜솔직하게리뷰해주셔서믿고보네융,진짜 솔직하게 리뷰 해주셔서 믿고 보네,2
167,우와정말리뷰해주셔서감사합니당짱짱,우와 정말 리뷰 해주셔서 감사합니당 짱짱,2
168,알렉스ㅇㅈㅋㅋㅋㅋㅋㅋㅋㅋㅋㅋㅋㅋ화분드립무엇ㅋㅋㅋㅋㅋㅋㅋ,알렉스 화분 드립 무엇,2
169,그냥집에서트러플오일사서해먹자 ㅎ,그냥 트러플 오일 사 해먹,0
170,안그래도얼마전에홈플러스가보니까보이더라구요ㅋㅋㅋ저희동네편의점에서는아직안들어온지금집에라면천국이라고민하다안샀는데그래도한번먹어보는게인지상정이겠네요ㅋㅋㅋㅋ,그래도 얼마 홈플러스 가보 보이 더라구요 저희 편의점 들어온 지금 라면 천국 민하 샀는데 한번 먹어 보는게 인지상정 이겠네요,1
171,짜짜로니가더맛잇어  ㅇ,짜짜로니 더 맛있어,0
172,오늘휴방이지만영상이라도올라와서다행,오늘 방이 영상 올라와서 다행,2
173,나만액체소스다른접시에담아두는거나중에조리할때불편할꺼라고생각하는건가    꼬물이는어때,액체 소스 다른 접시 담아 두는거 나중 조리 불편할꺼라고 생각 건가 꼬물이 어때,2
174,난이거먹고진짜  도리도리,난이거 먹고 진짜 도리 도리,0
175,오늘은안ㄴㅕ어어엉 이아니라안녕,오늘 어어 이아니라 안녕,2
176,ㅋㅋㅋㅋㅋㅋㅋ그만나오자짜빠게티,그만 나오자,0
177,비둘기야  짜파게티먹자   비둘기           맛있쪙,비둘기 짜파게티 먹자 비둘기 맛있쪙,0
178,트러플오일같은것을먹어봤어야맛을알죠ㅜ ㅜ챔기름치고소금좀뿌리면될라나 차라리짜파구리같은것을출시하지 아뭏든고물님말대로   쿰척하러갑니다 오늘도수고하셨습니다,트러플 오일 같은것을 먹어 봤어야 기름 소금 뿌리 라나 차라리 짜파구리 같은것을 출시 고물 쿰척 하러 갑니다 오늘 수고 하셨습니다,0
179,그냥짜파게티를먹어야겠네요ㅋㅋㅋ   원이너무큰데요,그냥 짜파게티 먹어야겠네요 큰데요,0
180,계속고민하다가다음주에나사먹어볼려고했는데고물님리뷰영상보고패스해야되겠네요ㅎㅎㅎ,계속 고민 다가 다음주 사먹어 볼려고 했는데 고물 리뷰 상보 패스 해야되 겠네요,0
181,짜파게티니까당연히맛있는데돈값이  한번쯤궁금하니까먹을것같기도한데두번은안먹을것같아요ㅎㅎ,짜파게티 당연히 맛있는데 돈값 한번 궁금하니 까먹을것 같기도 번은 먹을것 같아요,0
182,엄마쟤흙먹어에서눈물이주르륵    ㅜㅜ,엄마 쟤흙 먹어에서 눈물 주르륵,0
183,와빠르네용ㅎㅎㅎ궁금하긴하네요,빠르 궁금하긴하네요,1
184,이거리뷰기다렸어요 농심은역시비싸지고맛은,거리 기다렸어요 농심 역시 비싸지고,0
185,형은진짜좋겠다매일신제품이쏟아져나오네ㄷㄷ,진짜 좋겠다 매일 신제품 쏟아져 나오네,2
186,고물님    에흑당라떼샌드위치라고나왔던데보셨나용기회되시면한번드셔주샸으면좋겠어요,고물 라떼 샌드위치 나왔던데 보셨나용 기회 되시면 한번 드셔주 좋겠어요,2
187,형오늘은항마력이좀약하다,오늘 마력 약하다,2
188,박스가훨씬싸네요ㅋㅋㅋ,박스 싸네요,2
189,다음영상예측해봄아마   일듯,다음 영상 예측 해봄아마 일듯,2
190,결론 쨋든짜파게티임,결론 짜파게티,0
191,트럼프짜파게티ㅈㄴ맛있던데,트럼프 짜파게티 맛있던데,1
192,짜파게티개꿀팁선까지뜨신물붓고킹자렌지 분이면그곳이바로천국,짜파게티 꿀팁선 신물 붓고 분이면 이바 천국,2
193,트리플 드디어 배용량의짜파게티가 하고들어왔더니트러플이었네,트리플 용량 짜파게티 하고 들어왔더니 트러플 이었네,2
194,거기에미각제빵소빵에  모카크림빵이랑카스테라롤이랑뭐더ㅣ있던데해달라는건아니거요ㅎㅎ,거기 미각 제빵 모카 크림 카스테라 뭐더 있던데 해달라는건 아니거요,2
195,갈수록새초롬해지시네요,갈수록 초롬 해지시네요,2
196,이형이안먹어본게있었다니놀랍네별에별걸다먹고비유하길래엄청난내공을가진미식가인줄알았어요,이형 이안 먹어 본게 있었다니 놀랍네 걸다 먹고 비유 하길래 엄청난 내공 가진 미식 가인 알았어요,2
197,요노무라면고무리의리뷰를기다렸다규,노무 라면 무리 리뷰 기다렸다,1
198,오늘의ㄱㄹㅁㅇ,오늘,2
199,한입고기산적리뷰해주세요,고기 산적 리뷰 해주세요,2
201,화사님짱   고물님근데이거한정인가요,화사 고물 데이 한정,1
202,전개인적으로버섯맛이좋아서맛있었어요쟁겨두고먹어야쥐,개인 버섯 좋아서 맛있었어요 쟁겨 두고 먹어야,1
203,맛있어보이긴한테좀비싸네요,맛있어 보이긴 좀 비싸네요,1
204,그냥별의미없는짜파게티였군요,그냥 의미 없는 짜파게티 였군요,0
205,고물님건강한음식도많이드시죠,고물 건강한 음식 드시죠,2
206,저거       짭고기가아니라콩이라고들었어요,짭고기 가아니라 들었어요,2
207,농심  왜그래,농심 왜그래,0
208,역시짜파게티는사천이갑      그다음엔삼양짜짜로니 볶음춘장존맛,역시 짜파게티 사천 이갑 그다음 삼양 짜짜로니 볶음 춘장 존맛,0
209,계란노른자넣으면꼬숩해지면서맛있다고하더라구여,계란노른자 넣으면 꼬숩 해지면서 맛있다고하더라,1
210,집에트러플오일은없고나혼산에서화사가먹은짜파게티맛은궁금할때저거사서계란노른자도하나탁까서넣어서아이런맛이겠구나하고그냥리얼트러플오일짜파게티의티저마냥한번먹어볼정도긴한데    원은조금   흠냐륑스러움,트러플 오일 없고나 혼산 화사 먹은 짜파게티 궁금할 거사 계란노른자 하나 까서 넣어서 이런 이겠구나 하고 그냥 리얼 트러플 오일 짜파게티 티저 마냥 한번 먹어 정도 긴한데 조금 스러,0
211,짜파게티는컵라면면이너무맛없어서봉지면출시하면좋겠어요저도트러플안먹어봐서궁금하긴하네요ㅎ저는기름중참기름을더좋아합니다ㅎ,짜파게티 컵라면 맛없어서 봉지 출시 좋겠어요 트러플 먹어 봐서 궁금하긴하네요 기름 참기름 좋아합니다,1
212,저는그냥짜파게티먹을래요,그냥 짜파게티 먹을래요,0
214,짜파게티,짜파게티,2
215,컵짜파게티물버리는거아닌데ㅜㅜ다버려서드시는거보면안타깝,짜파게티 버리는거 아닌데 버려서 드시는거 보면 안타깝,2
216,저도트러플이라는거안먹어봤는데궁금하네요,트러플 먹어 봤는데 궁금하네요,1
217,농심그냥있는제품이나잘만들어,농심 그냥 있는 제품 잘만 들어,0
218,나트륨ㄷㄷ,나트륨,0
219,짜파게티에트러플오일을뿌려먹는다 끗,짜파게티 트러플 오일 뿌려 먹는다,0
220,비싼거엔비싼거넣어먹자구요,비싼거엔 비싼거 넣어 먹자구요,0
221,짜빠게티에트러플이라니너무고급스러운거아닌가,트러플 고급스러운거 아닌가,0
222,오히려짜파게티에다트러플오일넣는게더괜찮을지도,오히려 짜파게티 트러플 오일 넣는게 괜찮을지도,0
223,궁금했는데편으점알바하시나여,궁금했는데 편으 알바 시나,2
224,천사소녀게티   낭심이또대충우려먹기내놓고가격을우어어엉,소녀 낭심 이또 대충 우려 먹기내놓고 가격 우어어,0
225,우리는트러플을안먹어봐서모린다  모린다고,우리 트러플 안 먹어 봐서 모른다,0
226,트러플오일인지트러플향올리브오일인지알아야합니다,트러플 오일 트러플 올리브오일 야합니다,0
227,짜파게티컵에올리브오일사라짐,짜파게티 올리브오일 사라짐,2
228,오잉물버리나용,잉물 버리나용,2
229,저건물을버리네용,건물 버리,2
230,주년기념을좀더맛있게만들었으면좋겄다,주년 기념 좀더 맛있게 만들었으면,0
231,초심잃어버린라면,초심 잃어버린 라면,0
232,이컵짜파게티는물을버리네   잘섞이나요,짜파게티 버리네 섞이나요,2
233,짜파게티왜물버리나요,짜파게티 왜물 버리나요,2
234,농심설문조사결과로나온제품인것같더라구요저도투표했구요헣저같이트러플오일이익숙하지않은사람들에겐비싸기만하고맛은큰차이없다라고느낄제품이겠군요그렇다고트러플오일맛을아는사람들이먹으면별로라고할것같고ㅋㅋㅋㅋㅋ그냥트러플오일따로사먹거나패스해야겠네요리뷰잘봤습니다감사합니다   s안뇨오오오옹   하고늘어지는마무리가더익숙하고친근하긴한데안녕 하고딱부러지는마무리도좋군요,농심 설문조사 결과 로나 제품 같더라구요 투표 했구요 헣저같 트러플 오일이 익숙하지 않은 사람 비싸기 만하 차이 없다라고 느낄 제품 이겠군요 그렇다고 트러플 오일 아는 사람 먹으면 별로 할것 같고 그냥 트러플 오일 사먹거나 패스 해야겠네요 리뷰 봤습니다 감사합니다 안뇨 오오오 하고 늘어지는 마무리 가더 익숙하고 친근하긴한데 안녕 하고 부러지는 마무리 좋군요,0
235,왜라면에다가트러플인지를넣는겨,라면 트러플 넣는,0
236,짜파게티는물안버리고조리하던데트러플은물버려야되는건가요,짜파게티 물안 버리고 조리 하던데 트러플 버려야 되는건 가요,2
237,그냥버전이랑차이점이뭔가요,그냥 버전 차이점 가요,0
238,음  이게뭐지,게뭐,0
240,요건물을따라내네요 짜파게티컵은물안붓는데  그건좀아쉽네,건물 따라내네요 짜파게티 물안 붓는데 아쉽네,0
241,일요일에먹음버프받고맛잇어질지도몰라요,일요일 먹음 버프 받고 잇어질 지도 몰라요,1
242,농심의물타기트러플오일짜파게티,농심 물타기 트러플 오일 짜파게티,2
244,예상대로그맛을컵라면으로는구현하기가애매했나보군요,예상 컵라면 구현 하기가 애매했나 보군요,0
245,짜파게티후레이크버리고먹는사람,짜파게티 레이크 버리고 먹는 사람,2
246,어떻게된게편의점라면은조금이라도특별하거나뭐라도넣었다싶으면    원으로가격이껑충뛰는걸까요   ㅋㅋㅋㅋ사실라면이    원이면기가막히게맛있거나특별하지않은이상아깝다는생각이들고더군다나여태까지    원값을하는라면을못본것같아요ㅋㅋㅋ오늘두리뷰잘봤어요고물님감사해여,어떻게 된게 편의점 라면 조금 특별하거나 뭐라도 넣었다싶으면 가격 껑충 뛰는걸 까요 사실 라면 이면 막히게 맛있거나 특별하지 않은 이상 아깝다는 생각 들고 더군다나 여태 하는 라면 본것 같아요 오늘 리뷰 봤어요 고물 감사해여,0
247,결국은별거없다ㅋㅋ,별거 없다,0
248,농심이농심했네,농심 농심 했네,0
249,컵라면의가격은좀올리되다양한건데기를개발하여푸짐하게넣어줬으면합니다,컵라면 가격 올리되 다양한건데 개발 푸짐하게 넣어 줬으면 합니다,0
250,기생충에서짜파구리에채끝살넣어먹는거보고영감받은건가    ㅎㅎ뭐예전에트러플오일곁들인수미칩도출시했던전력이있긴하죠,기생충 짜파구리 채끝살 넣어 먹는거 보고 영감 받은 건가 예전 트러플 오일 곁들인수 미칩도 출시 했던 전력 있긴하죠,1
251,안녕하세요밥먹는봉길입니다 신상짜파게티는   일날출시되는데영상에서 일이라고잘못말했네요   죄송합니다   짜파게티는 개를끓여준비했구요조금아쉬웠던부분이있는데송로버섯오일향이조금부족했던거같아요  그래도짜파게티는언제먹어도맛있죠 오늘도시청해주셔서감사드립니다,안녕하세요 먹는 봉길 입니다 신상 짜파게티 출시 되는데 영상 일이 잘못말 했네요 죄송합니다 짜파게티 끓여 준비 했구요 조금 아쉬웠던 부분 있는데 송로버섯 오일 조금 부족했던거 같아요 짜파게티 언제 먹어도 맛있죠 오늘 시청 해주셔서 감사 드립니다,0
254,다른분은ㅋ입안가득마구음식을구겨넣는거같은뎆ㅋ이분은 넘많이들어가서음식이빤낭없어질까바오히려살살드시는것처럼조심스러보인당ㅋㅎㅎ입안이엄청궁궐       ㅋ구독누르고갑니다 영상퀄좃아요,다른 입안 가득 마구 음식 구겨 넣는거 같은 이분 들어가서 음식 없어질까 오히려 살살 드시는것처럼 조심스러 보인당 입안 궁궐 구독 누르고 갑니다 영상 퀄좃,2
255,다른분들은크게크게먹으면음식물이반은도로나와버리는   그런목멕히는게연출되기도하는데봉길님은시원시원하게드셔서넘좋아요입안평수거의문세윤급  한입만하면굉장하실것같아요ㅋㅋㅋ,다른 크게 크게 먹으면 음식물 이반 도로 나와 버리는 그런 목멕 는게 연출 기도 데봉길 시원시원하게 드셔서 좋아요 입안 평수 거의 문세윤 만하 굉장하실것 같아요,2
256,구독자    명일때는정말잘되셨으면좋겠어서여기저기봉길님좀봐달라고호들갑도떨고로고도만들어드렸었는데벌써이렇게까지성장하시고지금도쭉쭉승승장구하시는걸보니마냥기분좋네요ㅎㅎ처음처럼댓글은매번못달아도업로드하실때마다항상잘보고있습니다 곧  만이되시는데   나초코탕ㅜㅜ드셔주시면행복할것같아요,독자 명일 정말 되셨으면 좋겠어서 여기저기 봉길 달라 호들갑 떨고로 고도 만들어 드렸었는데 벌써 성장하시고지 금도 쭉쭉 승승장구 하시는걸 보니 마냥 기분 좋네요 처음처럼 댓글 매번 달아도 업로드 하실 항상 보고 있습니다 만이 되시는데 초코 드셔주시면 행복할것 같아요,2
259,이비디오는정말멋지네 너를너무사랑해,비디오 정말 멋지네 무사,2
260,봉길씨입속으로라면이끌려들어가는거보고급당황했네요  ㅋㅋ언제봐두무서운사람   오늘도멋졌어여,길씨 입속 라면 이끌려 들어가는거 보고 당황 했네요 언제 봐두 무서운 사람 오늘 멋졌어여,2
262,봉길님    항상잘보고있슙니다ㅎㅎㅎ   혹시   뿌링치킨이랑뿌링시리즈사이드메뉴들전부먹어주실수있을까요ㅠㅠㅠ봉길님이시원시원하게맛있게먹는거보고싶어요,봉길 항상 보고있 혹시 뿌링 치킨 뿌링 시리즈 사이드 메뉴 전부 먹어주실수있을까요 봉길 시원시원하게 맛있게 먹는거 보고싶어요,2
265,진짜 만명때부터잘보고있어요형 크게크게먹어서대리만족이얼마나잘되는지모르겠어요    사랑합니다,진짜 명때 보고있어요 크게 크게 먹어서 대리 만족 얼마나 되는지 모르겠어요 사랑 합니다,2
266,ㅋㅋㅋㅋㅋㅋㅋ와  입진짜크다  구독자  명일때부터봤었는데대단하시네요,진짜 크다 독자 명일 봤었는데 대단하시네요,2
267,진짜초반부터봤는데항상너무잘드시고소리도최고예요,진짜 초반 봤는데 항상 드시고 소리 최고,2
268,오늘점심은짜파게티다,오늘 점심 짜파게티,1
270,오프닝도오프닝이지만클로징이진짜반짝반짝빛이나네요  눈부셔라  여러분들봉길님영상풀시청해주세요  그래야많은분들이봉길님을발견할수있다네요구독자수팍팍늘길바래요,오프닝 오프닝 클로 진짜 눈부셔라 여러분 봉길 영상 시청 해주세요 래야 많은 이봉 발견 할수있다네요 구독 자수 늘길,2
272,이모자시원해보여요ㅎㅎㅎ봉길님빨리  만고ㅠ 봉거의 분컷ㅋㅋㅋㅋㅋㅋㅋ실환가,자시 해보여요 봉길 만고 거의 분컷 환가,2
274,애초에면종류는먹는시간이길지않을거라예상은했었지만     역시,애초 종류 먹는 시간 이길지 않을거라 예상 했었지만 역시,2
275,봉길찡입크기볼때마다사기,봉길 크기 볼때 사기,2
277,소리미쳐써여      근데농심슨생님들웨맨날큰사발이라더니안크냐긔여ㅠㅠㅠㅠㅠㅠ모자라,소리 미쳐 써여 심슨 사발 더니 크냐 모자라,2
280,대리만족하고갑니다ㅠㅠㅠ,대리 만족하고 갑니다,1
281,문세윤씨의 한입만     을능가할것같은봉길님    짱,문세윤 능가 할것 같은 봉길,2
282,저기에노른자까지하면ㅠㅠㅠㅠ,저기 노른자 하면,1
283,아저는음식드실땐드시는것에만집중하고다먹고나서코멘트해주시는봉길님스타일도너무좋아요중간중간맛평가같은멘트가많으면스킵하게되는데끝까지집중하년서잘보고있습니다 ㅎㅎ,음식 드실 드시는것에만 집중 먹고나서 코멘트 해주시 봉길 스타일 좋아요 중간 중간 평가 같은 멘트 많으면 스킵 되는데 집중 보고 있습니다,2
284,한젓가락이한봉지씩드시네요그래서좋다고요,젓가락 봉지 드시네요 좋다고요,2
286,파김치와짜파게티조합은늘옳죠ㅠㅠㅠㅠ트러플짜파게티진짜궁금했었는데한번사먹어봐야겠어요,파김치 짜파게티 조합 옳죠 트러플 짜파게티 진짜 궁금했었는데 한번 사먹어 봐야겠어요,1
292,꾸뜨어어억꾿으억와소리미쳤다진짜       흡입력   언제나감탄함미다         내일인거죠 농심열일하네요진짴ㅋㅋㅋㅋ큐ㅠㅠㅠ,뜨어어 꾿으 소리 미쳤다 진짜 흡입 감탄 미다 내일 농심 진짜 열일 하네요,1
293,와짜장면내가제일좋아하는거네  바로구독ㅋㅋㅋㅋ,짜장면 좋아하는거네 바로 구독,1
297,언제나잘보고있어효승승장구해서떴음좋겠음ㅠㅠㅠㅠ진짜잘묵는데   깨끗히묵는데  많이봐줬음좋겟당,보고있어 승승장구 해서 떴음 좋겠음 진짜 묵는데 깨끗히 묵는데 줬음 좋겟당,2
300,소리가정말ㅜㅜ치덕치덕아삭아삭,소리 정말 치덕치덕,2
309,파김치안좋아하는데드시는거보니까같이한번먹어보고싶네요 늘잘보고있습니당,파김치 좋아하는데 드시는거 한번 먹어 보고 싶네요 늘잘 보고있 니당,2
319,어쩐지동네에서안팔더라ㅠㅠ빨리먹고싶네여,어쩐 동네 안팔 먹고 싶네여,1
320,하   면집는소리부터오바야ㅜㅜㅜㅜ미쳐따,집는 소리 미쳐,2
322,기생충안봤지만짜파구리만들어주세요ㅠㅠ,기생충 봤지만 짜파구리 들어주세요,2
323,한입먹을때마다한봉지가들가는거같아욬ㅋㅋㅋㅋ,먹을 봉지 들가는거 같아,2
325,파김치에짜파게티는맛이없을수가없죵ㅎㅎ,파김치 짜파게티 없을수가,1
326,와  한접시를안끊고한입에먹어버리네,접시 끊고 먹어 버리네,2
327,꼼수안부리는거같아보이구정말맛있게음미하는것같구게다가타고난구강구조로깔큼하게드시는거넘조아요,꼼수 부리는거 같아 보이 정말 맛있게음 미하 같구 게다가 타고난 구강 구조 큼하게 드시는거 조아요,2
329,오늘먹방도시원시원하네요 꾸덕꾸덕한짜빠게티도좋지만좀더다양한사운드를위해군만두도같이먹었으면어땠을까  라는생각이들었어요  오늘영상도잘봤고요 항상응원하겠습니다,오늘 먹방 시원시원하네요 짜빠 좋지만 좀더 다양한 사운드 위해 두도 먹었으면 어땠을까 생각 들었어요 오늘 영상 봤고요 항상 응원 하겠습니다,2
330,일반짜파게티랑아무런차이도없을듯,짜파게티 아무런 차이 없을듯,0
337,오프닝이생겼네용  동영상퀄리티가점점좋아지네용ㅎㅎ오늘도잘보고갑니다,오프닝 생겼 동영상 퀄리티 점점 좋아지네 오늘 보고 갑니다,2
341,역시라면은나무젓가락 파김치에짜파게티라꿀조합이예요 트러플짜파게티궁금했는데아직접해보지못했네요ㅜㅜ오일향이부족해서아쉽다니  그래도출시되면꼭먹어볼꺼예요,역시 라면 나무 젓가락 파김치 짜파게티 조합 트러플 짜파게티 궁금했는데아 직접 해보지못 했네요 일향 부족해서 아쉽다니 출시 되면 먹어 볼꺼예요,0
344,왠지파김치보다대파김치가어울릴듯,파김치 파김치 어울릴듯,2
345,생색은아니지만    명때부터본구독자입니다  정말좋아하는분인데일케구독자가빨리늘구잘되는거보니까기분이정말좋네여ㅜㅜ오늘도맛있는먹방잘봤어요  항상좋은영상감사하구앞으로더더욱승승장구하시길바랄게요봉길님화이팅,생색 아니지만 명때 독자 입니다 정말 좋아하는 일케 구독 구잘 되는거 기분 정말 좋네 오늘 맛있는 먹방 봤어요 항상 좋은 영상 감사하구 더욱 승승장구 하시길 바랄게요 봉길 화이팅,2
346,사랑해ㅠㅠㅠㅠㅠㅠ,사랑,2
347,와파김치  시골다녀와야겠네여ㅎㅎ,파김치 시골 다녀와야 겠네여,2
351,와 꾸덕꾸덕한면섞는소리와아삭아삭한파김치소리가정말맛있게들리네요맛은당연히최고죠,섞는 소리 파김치 소리 정말 맛있게 들리네요 당연히 최고,2
354,짜파게티에파김치조합은   신상짜파게티 궁금해요  출시되면바로먹어봐야겠어요,짜파게티 파김치 조합 신상 짜파게티 궁금해요 출시 되면 바로 먹어 봐야겠어요,1
355,봉길님구독자수오를때마다제가다뿌듯해요ㅋㅋㅋㅋ글고드시는거보면속이시원함,봉길 독자 수오 가다 뿌듯해요 드시는거 보면 속이 시원함,2
357,오늘도맛있겠어요 설명알기쉬웠습니다 다음기대할게요,오늘 맛있겠어요 설명 알기 쉬웠습니다 다음 기대할게요,2
358,으윽짜파게티와파김치조합ㅜㅠㅠㅠㅠ,짜파게티 파김치 조합,1
359,입이크셔서너무멋있어요 목소리도너무멋져요,크셔 서너 멋있어요 목소리 멋져요,2
361,화질에깜짝놀랐다,화질 깜짝 놀랐다,2
363,앞접시에덜어드시니너무보기좋아요ㅎㅎ오늘메뉴선정도미쳤네요짜파게티와파김치라니은혜로운영상감사합니다,접시 덜어 드시니 보기 좋아요 오늘 메뉴 선정 미쳤네요 짜파게티 파김치 은혜 영상 감사합니다,1
364,잠자기전엔봉길님영상이최고,잠자기전엔 봉길 영상 최고,2
366,짜파게티내가젤좋아하는것,짜파게티 가젤 좋아하는것,1
367,대         박 한입 한봉지네요,봉지,2
368,왜우리집접시가저기가있지,우리 접시 저기 있지,2
369,하  진짴ㅋㅋㅋㅋㅋㅋ너무좋으네요봉길님먹방은   모든메뉴가시원시원하니좋습니다,진짴 좋으네요 봉길 먹방 모든 메뉴 시원시원하니 좋습니다,2
370,어떤음식이든크게크게한입에파바박  취향저격ㅠㅠㅠㅠ,어떤 음식 크게 크게 취향 저격,2
372,다좋아요소리도영상도특히먹는스톼일도그런데중간중간먹으면서눈알사선으로돌리는듯한시선처리가별로예요전음식소리도좋지만맛있게드시능모습이좋아서보는데눈알하늘로치솟는것만줄이시면좋을거같아요,좋아요 소리 영상 먹는 스톼 일도 그런데 중간 중간 먹으면서 눈알 사선 돌리는듯 시선 처리 별로 음식 소리 좋지만 맛있게 드시 모습 좋아서 보는데 눈알 하늘 치솟는것만 줄이시면 좋을거 같아요,2
373,그냥짜파게티맛이죠   그렇죠   ㅋㅋㅋㅋㅋ귀여워,그냥 짜파게티 그렇죠 귀여워,0
374,숙주가득가득한쌀국수드셔주세요ㅜㅜ항상너무잘보고있습니다제일좋아하는먹방유튜버세요,숙주 쌀국수 드셔주세요 항상 보고있습니다 제일 좋아하는 먹방 튜버,2
376,봉길님건강생각해서천천히드세요   항상응원합니다  좋아요꾹누르고가요ㅋ,봉길 건강 생각 해서 드세요 항상 응원 합니다 좋아요 누르고가요,2
377,형근데형은입도크고한입이한입이아니니까한입하는장면썸네일로한번해보는거어때어그로같지만진짜그게한입이라어그로아니자나,도크 아니니까 입하 장면 썸네일 한번 해보는거 어때 어그 같지만 진짜 그게 어그 아니,2
378,이거궁금했는데드셔주셔서감사해요 오늘도잘보고갑니당,궁금했는데 드셔주셔서 감사해요 오늘 보고 갑니당,1
380,ㅠㅠㅠㅠ한창다이어트중이라밀가루끊었는데위기네요 짜파게티말해뭐해요맛있죠ㅜㅠㅠㅠㅠ오늘도소리너무듣기좋았어용,한창 다이어트 밀가루 끊었는데 위기 짜파게티 말해 뭐해 맛있죠 오늘 소리 듣기 좋았어용,1
381,봉길님피곤해보이시는데어디아픈건아니죠 뭐든건강생각하면서하세요,봉길 피곤해 보이시는데 어디 아픈건 아니죠 건강 생각 서하세요,2
384,봉길님   트레이더스빵들먹방으로시작해서치즈볼 아이스크림 뚱카롱 맥도날드치즈버거까지진짜너무너무먹고싶은메뉴들맛있게큼직하게드셔주셔서바로구독눌렀어요ㅠㅠㅠㅠ다이어트중이어서진짜너무먹고싶은데하나도못먹어서속상한데최고세요ㅠㅜㅜ혹시타코벨로도먹방이가능하신다면꼭보고싶어요ㅠㅠㅠ타코벨에서타코들이랑특히퀘사디아    ㅠㅠㅠㅠ항상화이팅하세요,봉길 레이더스 먹방 시작 해서 치즈볼 아이스크림 뚱카롱 맥도날드 치즈버거 진짜 먹고싶은 메뉴 맛있게 큼직하게 드셔주셔서 바로 구독 눌렀어요 다이어트 진짜 먹고싶은데 하나 먹어서 속상한데 최고 혹시 타코벨 먹방 가능하신다면 보고 싶어요 타코벨 타코 퀘사디아 항상 화이팅 하세요,2
385,면먹는한입클라스보소   봉길님 간간히면먹방부탁해용,먹는 클라스 보소 봉길 먹방 부탁 해용,2
386,월 일출시되는데어떻게벌써구하셨어요 리뷰하눈건데설마농심에서후원하는걸솔직하게리뷰해서안좋게말할수도없구요  만약에농심눈치안보시고솔직하게맛없다 별로다아님좋다맛있다식으로리뷰하시면완전구독하고팬합니다,출시 되는데 어떻게 벌써 하셨어요 리뷰 눈건데 설마 농심 후원 는걸 솔직하게 리뷰 해서 안좋게 할수도 없구요 만약 농심 치안 보시 솔직하게 맛없다 별로 아님 좋다 맛있다 식으 로리뷰 하시면 완전 구독 합니다,2
387,봉길님꾸덕꾸덕소리조와요ㅠㅠ혹시참치김치볶음밥해주시면안되나요 반숙후라이랑잔뜩와구와구   ㅠㅠ,봉길 소리 혹시 참치 김치볶음밥 해주시 안되나요 반숙 라이 잔뜩,2
389,드디어나왔다어서먹어봐야겠어요   어떤맛인지너무궁급합니다,나왔다어서 먹어 봐야겠어요 어떤 무궁 급합니다,1
393,대박ㅠ,대박,1
394,입에하나도안뭍었는데너무입닦는거에신경쓰시는것같아서자꾸닦으시네용괜찮은데,하나 도안 뭍었 는데 닦는거에 신경 쓰시는것 같아서 자꾸 닦으시네 괜찮은데,2
395,꾸덕꾸덕치덕치덕소리넘좋다 ㅠ나무젓가락에파김치에정말배우신분,치덕치덕 소리 좋다 나무 젓가락 파김치 정말 배우 신분,2
398,봉길님라자냐도먹어주세요,봉길 라자냐 먹어주세요,2
400,면이입안에들어가자마ㅏㅈㅏ녹나요   드시는거진짜제스타일와,입안 들어가자마 녹나요 드시는거 진짜 스타일,2
401,역시짜파게티엔파김치 오늘도잘보고갑니당,역시 짜파게티 파김치 오늘 보고 갑니당,1
402,오늘첨봤는데 s  아니면중간에맛리뷰및구독자들과소통했으면좋겠다는의견내어봅니다 맛있게드시고집중하시는건좋은데아쉽네요앞으로피드백부탁드립니다맛있는짜파게티한번더드셔주세요총각김치랑,오늘 봤는데 아니면 중간 리뷰 독자 소통 했으면 좋겠다는 의견 내어 봅니다 맛있게 드시고 집중 하시는건 좋은데 아쉽네요 피드백 부탁드립니다 맛있는 짜파게티 한번 드셔주세요 총각김치,2
404,마치비디오를좋아한다면     새하위,마치 비디오 좋아한다면 하위,2
405,어떻게그렇게크고맛있게먹는데입주위에 도안묻을수있죠ㅠㅜ배고파요ㅠㅠ,어떻게 크고 맛있게 먹는데 주위 도안 묻을수있죠 배고파요,2
407,너무빨리사라져버려서그저아쉬울뿐이네요ㅜㅜ먹방중에최고예요,사라져 버려서 아쉬울 뿐이네요 먹방 최고,2
408,깔끔하고복스럽게맛있게드셔서밤마다미치겠잖아요ㅜㅜㅜㅜㅜ,깔끔하고 맛있게 드셔서 미치겠잖아요,2
409,ㅏ마징,마징,2
410,흐헉 등못했다ㅜㅜ아쉽아쉽ㅎㅎㅎㅎ,흐헉 했다 아쉽 아쉽,2
411,봉길님  만넘으신거축하해욧 초반부터봐와서넘기분좋네요,봉길 넘으신 축하 해욧 초반 봐와 기분 좋네요,2
412,꼭꼭씹어드세요,꼭꼭 씹어 드세요,2
413,쟝블랑제리빵들와구와구먹는거보고싶어요ㅠ,쟝블 제리 먹는거 보고 싶어요,2
415,오프닝좋아용,오프닝 좋아용,2
418,오프닝생기신거같네요  우오앙,오프닝 생기 신거 같네요,2
419,한입많이먹는기네스같은거나가셔도될거같아요  특색있는먹방 과하지않은먹방으로만족시켜주셔서감사해요 ㅎ항상응원합니다,먹는 기네스 같은거나 가셔도 될거 같아요 특색 있는 먹방 하지 않은 먹방 만족 시켜주셔서 감사해요 항상 응원 합니다,2
420,봉길님 짜파게티영상에뜬금없지만혹시스콘좋아하세요  괜찮으시면언제한번스콘먹방도해주실수있나요ㅠㅠ   의비스킷스콘도맛있고   다이어트중인뎅제가너무먹고싶어서   ㅎㅎㅎ,봉길 짜파게티 영상 뜬금 없지만 혹시 스콘 좋아하세요 괜찮으시면 언제 한번 스콘 먹방 해주실수있나요 비스킷 스콘 맛있고 다이어트 뎅제 먹고싶어서,2
421,소화력이대단해요,소화 대단해요,2
424,항상너무너무맛있게드셔주셔서감사합니다봉길님,항상 맛있게 드셔주셔서 감사합니다 봉길,2
429,오늘도 등으로봅니다트러플짜파게티저도먹어볼께요,오늘 봅니다 트러플 짜파게티 먹어 볼께요,1
432,내가이걸못보다니    죄송합니다ㅠ,내가이 걸못보다 죄송합니다,
436,우아하다   나도그렇게생각해보세요 일본은많지않다,우아하다 나도 생각 해보세요 일본 많지 않다,
437,월 일이라니얼마안남았네여,일이 얼마 안남았,
448,나는장면을좋아하지만매운버전은한국에가고싶습니다,장면 좋아하지만 매운 버전 한국 가고싶습니다,
450,당신의입은블랙홀입니까,당신 입은 블랙홀,
452,대박저렇게많은양이몇입안됨헐,대박 많은 입안,
460,한입드실때마다거의한개가없어지듯드시는듯ㅋㅋㅋㅋ막억지로인상쓰고구겨넣는분들은좀보기그렇드라고요안쓰럽기도하고ㅠ근데이제제 순위먹방채널을찾았어요진짜맛있게드시는거같아융 꼭꼭씹어드세옹,드실 거의 없어지듯 드시는듯 억지로 인상 쓰고 구겨 넣는 보기 그렇 고요 안쓰럽 기도 데이 제제 순위 먹방 채널 찾았어요 진짜 맛있게 드시는거 같아 꼭꼭 씹어 드세,
465,짜파게티 개끓여먹는게소원인데    개면을매나좋을꼬 칼로리높아서한개도벌벌기며먹는 인,짜파게티 끓여 먹는게 소원 개면을 좋을꼬 칼로리 높아서 한개 도벌 벌기며 먹는,
472,될수있으면일회용쓰지마세요정부가일회용쓰지말기운동하는데먹방유투버들이어긋나면되나요나무로된젖가락사서사용하세요다이소에가면얼마하지도않은데보기불편합니다나무젖가락으로먹어야한다는그편견도버리세요먹방하시려면,될수있으면 일회용 쓰지 마세요 정부 일회용 쓰지말기 운동 먹방 유투 버들 어긋나면되 나요나 락사 서사 용하세요 다이소 가면 얼마 지도 않은데 보기 불편합니다 나무 가락 먹어야 한다는 편견 버리세요 먹방 하시려면,
482,초심잃었네노랑이트러플짜파게티는한두달뒤에리뷰할줄알았는데,초심 잃었 노랑 트러플 짜파게티 한두 달뒤 리뷰 할줄 알았는데,
483,만언능찍을줄알았는디  화이띵,찍을줄 알았는디 화이,
484,튜닝의끝는순정이라고결국라면은빨간국물라면으로돌아가지형,튜닝 순정 라면 빨간 국물 라면 돌아가 지형,
485,노랑스답지않게너무일찍리뷰라는거아니야 ㅋㅋㅋㅋㅋㅋ,랑스 답지 않게 일찍 리뷰 니야,
486,솔직히라면종류신상품들은다가격부터가사기같음    맛도크게다르지않는데ㅠㅠ,솔직히라면 종류 상품 가격 사기 같음 도크 다르지 않는데,
487,발느린리뷰전문,느린 리뷰 전문,
488,내가모르는걸리뷰하다니속도대체어떻게된거야,모르는걸 리뷰 다니 속도 대체 어떻게 된거,
489,에초에트러플이천원짜리식재로도아니구천원짜리라면에뭘바라냐ㅋㅋ소비자도어느정도생각하고있을텐데,트러플 이천원 짜리 식재로 도아 구천원 짜리 라면 바라냐 소비자 어느 정도 생각 있을텐데,
490,트러플오일요즘싼것도많아서그냥오일을사시는게좋을듯합니다  ㅎㅎㅎㅎㅎ,트러플 요즘 싼것도 많아서 그냥 오일 사시 좋을듯 합니다,
491,좋은소리만한거처음아니냐ㅋㅋㅋ,좋은 소리 처음 아니냐,
492,소인줄,소인,
493,이런신제품을이렇게빨리,이런 신제품,
494,노랑이가저정도로비웠다고하면노랑이기준에서맛있는거임,노랑 정도 비웠다고 하면 노랑 이기준 맛있는거,
495,봉지라면그람수기억하는거소름이네ㅋㅋㅋㅋㅋㅋ,봉지 라면 그람 기억 하는거 소름,
496,트러플짜파게티인데     뭐지    향이강해서그런거져 그런거겠져 ㅋㅋ,트러플 짜파게티 강해서 그런거져 그런거겠져,
497,이거보니갑자기먹고싶다ㅠ노랑효과,보니 갑자기 먹고싶다 노랑 효과,
498,짜파게티 봉먹는사람이지만이건하나이상은무리임금방질림,짜파게티 먹는 사람 이건하 이상은 무리 임금 질림,
499,저는그냥짜파게티가좋아요,그냥 짜파게티 좋아요,
500,이면맛이나나,이면 나나,
502,노랑님저궁금한게있는데요노랑님 여랑님본명인가요,노랑 궁금한게 있는데요 노랑 여랑 본명,
503,이번엔그나마빨리올려주셧네,이번 올려주,
504,근데트러플짜파게티라니       퍼  ㅋ,트러플 짜파게티,
505,햇님  만얼마안남았으요ㅠㅠㅠㅠㅠ구독자로서감격이다,햇님 얼마 안남았으요 독자 로서 감격,
506,롯데농심불매,롯데 농심 불매,
507,옛날아스가르드루어스브금인가그립ㅋㅋ,옛날 아스 가르 드루 어스 브금 그립,
508,ㅋㅋㅋㅋ   원더주고맛있게먹을수있으면무조건먹어야지   원얼마나한다고,원더 주고 맛있게 먹을수있으면 무조건 먹어야지 얼마나 한다고,
510,바라는거 많네참ㅋㅋ,바라는거 많네,
512,내가먹은트러플향은버거킹트러플치즈프라이밖에없는데 먹어본사람은얼마나좋음향,먹은 트러플 버거킹 트러플 치즈 프라이 없는데 먹어 사람 얼마나 음향,
513,그냥짜파게티보다약간간이덜쎈느낌 좀더부드러운맛이긴하나그냥짜파게티조온맛,그냥 짜파게티 간간이 느낌 좀더 부드러운 이긴하나 그냥 짜파게티,
514,노랑이화이팅나도하나먹어바야겠다리,노랑 화이팅 도하 먹어 겠다리,
515,홍사운드인트로노래따라하누,사운드 노래 따라하,
516,노랑아김치찌개리뷰좀해줘국물에밥먹는게보고싶움,노랑 김치찌개 리뷰 해줘 국물 먹는게 보고,
517,오 나중에한번사먹어봐야겠어요,나중 한번 사먹어 봐야겠어요,
518,이시키는그냥농심빠돌이인듯,시키는 그냥 농심 빠돌이,
519,짜파구리출시안해주낭,짜파구리 출시안 해주,
520,요새기훈이따라하는느낌너무나는데요,따라하는 느낌 는데요,
521,오늘은화사님이쏘아올린트러플오일짜파게티가농심에서컵라면으로출시됐다고해서빠르게먹어봤어요워낙제가트러플오일을활용한요리를좋아해서기대했는데과연어땠을지영상으로확인해주세요  그리고영화기생충에서나왔던채끝짜파게티도있어요    아직제품리뷰는미흡하지만재밌게봐주시면좋겠어요,오늘 화사 쏘아 올린 트러플 오일 짜파게티 농심 컵라면 출시 됐다고 해서 빠르게 먹어 봤어요 워낙 트러플 오일 활용 요리 좋아해서 기대했는데 과연 어땠을지 영상 확인 해주세요 그리고 영화 기생충 왔던 채끝 짜파게티 있어요 제품 리뷰 미흡하지만 재밌게 봐주시면 좋겠어요,
522,잇쪙님라플뷰리넘기여어여근데좀더맛있게후루룩팍팍먹어주세여먹을수있잖아요ㅋㅋㅋㅋㅋㅋ,뷰리 넘기여 좀더 맛있게 후루룩 먹어주세여 먹을수있잖아요,
523,아까저는그냥짜파게티먹었는데 ㅋㅋㅋㅋㅋ트러플은안머거봄 오일부어넣기ㅋㅋㅋㅋㅋㅋㅋㅋㅋ어차피향이라던분이그냥너먹어ㅋㅋㅋㅋㅋㅋㅋㅋㅋㅋ근데김치도없이대단하신데요,아까 그냥 짜파게티 먹었는데 트러플 머거 부어 넣기 어차피 그냥 먹어 김치 대단하신데요,
524,이렇게한번먹어봐야겠는데요   완전마싯게땅,한번 먹어 봐야겠는데요 완전 마싯게,
525,노른자넣은거진짜맛있었어용,노른자 넣은거 진짜 맛있었어용,
526,오늘은이거닷 너무맛있을거같아여ㅠㅠ너무부러워요   채끝   도사야하나,오늘 거닷 맛있을거 같아여 부러워요 채끝 도사 하나,
527,영상잘보고구독과좋아요누르고갑니다,영상 보고 구독 좋아요 누르고 갑니다,
528,헉무슨맛인지궁금했는데    그런데물잔뭐예요 넘고풍스럽  제스탈,무슨 궁금했는데 그런데 물잔 고풍 스럽 스탈,
529,넘나맛잇을꺼같아용저도당장해먹고싶을정도네요저는다섯개끓여먹을거에요,넘나 잇을꺼 같아용 도당 장해 먹고싶을 정도 끓여 먹을거에요,
530,반가워요맛있게보고갑니다즐거운하루되세요,반가워요 맛있게 보고 갑니다 즐거운 하루 되세요,
531,짜파게티맛나겠네요ㅎ오일뿌려멱네요계란까지ㅠ느끼하지않아요ㅠ,짜파게티 나겠네요 오일 뿌려 계란 느끼하지 않아요,
532,채끝 저도꼭먹어봐야겠어요,채끝 도꼭 먹어 봐야겠어요,
533,맛있어보여요,맛있어 보여요,
534,젓가락을끼울수있는아이템이군요 트러플오일의짜파게티휘발성냄새가아인옥수수향과같은오일이군요 간이쎈짜파게티라 그럼그냥트러플오일은조금났다사라진향때문에조금비싸군요 앞으로자주소통해요 조금늦게찾아뵈었네요 응원합니다,젓가락 끼울수있는 아이템 이군 트러플 오일 짜파게티 휘발 냄새 아인 옥수수 같은 오일이 간이 짜파게티 그럼 그냥 트러플 오일 조금 났다 사라진 때문 조금 비싸군요 자주소 통해 조금 늦게 찾아 뵈었네요 응원 합니다,
535,아예부어서출시되게만드는김쿵짝클라스,아예 부어 출시 만드는 김쿵짝 클라스,
536,먹는소리가예술입니다  무조건성원합니다,먹는 소리 예술 입니다 무조건 원합니다,
537,짜파게티먹는모습을보니먹고싶어집니다  다음영상도기대하며항상응원합니다,짜파게티 먹는모습 보니 먹고싶어 집니다 다음 영상 기대하며 항상 응원 합니다,
538,풀시청잘보고가요    좋아요선물놓고갑니다   응원합니다ㅎ,시청 보고가요 좋아요 선물 놓고 갑니다 응원 합니다,
539,영상재밋게잘보고가요,영상 재밋 보고가요,
541,구독자   명축하해요형님,독자 축하 형님,
542,톤앤톤,톤앤톤,
543,트러플오일어따쓰나싶어서사지도않구뭔지도모르는데이번기회에경험하겠네요,트러플 오일어 쓰나싶어서 사지 않구 지도 모르는데 이번 기회 경험 하겠네요,
544,가족끼리짜파게티먹으며왠지트러플짜파게티나올것같다고햇는데ㅋㅋ나왔네여ㅎㅎ신기방기한번사먹어봐야겠어요ㅎㅎ,가족 끼리 짜파게티 먹으며 트러플 짜파게티 나올것 같다고 는데 나왔 방기 한번 사먹어 봐야겠어요,
545,트러플짜파게티  구멍송송   짜장은꾸덕꾸덕한게최고죠  노른자영롱하고 고급져욧 공감공감,트러플 짜파게티 구멍 송송 짜장 최고 노른자 영롱하고 고급 공감 공감,
546,오정말이런신제품은어디서사시는건가요 저는못본거라    ㅋㅋ,정말 이런 신제품 사시는건 가요 본거라,
547,크으으트러플오일,크으으 트러플 오일,
548,나란사람믄  이밤에애꽁님의영상을보고야식이먹구싶어졌   결국먹읍니다ㅠㅠ진짜애꽁님영상보고먹은게한둘이아니야ㅠㅠㅠㅠ,나란 사람 영상 보고 식이 먹구싶어졌 읍니 진짜 영상 보고 먹은게 니야,
549,지금짜파게티먹는모습을보니ㅠㅜ저두먹고싶네요ㅠㅠㅠ그래서저는집에있는진라면을    크흠저셕에라면먹으면아침에얼굴부은다는데ㅠㅠ애꽁님조심하세요ㅠㅠㅎㅎ그래두라면 짜파게티는진짜맛있어요히힛애꽁  영상항상재미있게보구있어요ㅎㅎ목소리도너무귀여우세요  ㅎㅎ,지금 짜파게티 먹는모습 보니 먹고싶네요 있는 진라면 라면 먹으면 아침 얼굴 부은 다는데 애꽁 조심하세요 그래 라면 짜파게티 진짜 맛있어요 힛애 영상 항상 재미있게 보구있어요 목소리 귀여우세요,
550,헉  짜파게티  제최애라면인데ㅜㅜ급땡기네용,짜파게티 최애 라면 땡기,
551,으어어어  자느라못봤다닝  진짜밋있겠어용  오늘도애꽁님영상재밌고좋아용,어어 자느라 봤다 진짜 있겠어용 오늘 도애 영상 재밌고 좋아용,
552,안이ㅠㅠ밤에또이런영상을,안이 이런 영상,
553,아침먹었는데  격하게먹고싶다다이어트하기로했는데,아침 먹었는데 하게 먹고싶다 다이어트 하기로 했는데,
554,헐ㅠ쫘파궤티검나시럽게좋하하는데ㅠ,쫘파궤티검 시럽 좋하하는데,
555,애꽁님덕분에   가찔거같아요이거보고편의점가서라면을먹었여요,애꽁 덕분 찔거 같아요 보고 편의점 가서라면 먹었여요,
556,뭔가정신없는데그러면서재밌닼ㅋㅋㅋㅋㅋ아배고파라면꺼내야지,뭔가 정신 없는데 그러면서 재밌 배고파라면 꺼내야지,
557,잠이안오는새벽이예용   아잠시만영상트는순간배에서꼬르륵거려오ㅠㅠㅠㅠ춥춥,잠이안 오는 새벽 이예 잠시 영상 트는 순간 꼬르륵 거려오,
558,으억ㅜㅜ별다를꺼없다니약간실망이네유    되게기대한제품이얏는데ㅠㅠㅠㅠㅠ오늘도잘보구가용,별다를꺼 없다니 약간 실망 기대한 제품 는데 오늘 보구가용,
559,아니ㅠㅠㅠㅠ언니저다이어트중이라고요ㅠㅠㅠㅠㅠㅠㅠㅠㅠㅠㅠㅠㅠㅠㅠㅠㅠㅠㅠ언니영상보고급땡겨서냉장고뒤지러갈꽁,아니 다이어트 고요 영상 보고 땡겨서 냉장고 뒤지러,
560,짜파게티먹고싶어져써요  으에ㅔㅇ엥ㅇ,짜파게티 먹고싶어져 써요,
561,너무맛있을꺼같네요ㅠㅠ,맛있을꺼 같네요,
562,언니저편의점가야겠어요    짜파게티너무먹구싶어여ㅜㅜㅜㅜ,편의점 가야겠어요 짜파게티 먹구싶어여,
563,배고프다   야식  ㅜㅜ,배고프다 야식,
564,언냐ㅋㅋ물구멍   색다른데뚤는클라쓰ㅋㅋ역시피어씽전문유튜버ㅋ언니텐션은      프로다   ㅋㅋ 편집자니씨ㅋㅋ인정하쥬ㅋㅋ힘내여   저도뜨거운거잘뇸뇸못해여ㅠㅠ,구멍 색다른데 클라 역시 피어 전문 튜버 텐션 프로 편집자 인정 힘내여 뜨거운거잘 뇸뇸 해여,
565,너무맛나보임ㅠ,보임,
566,저도짜파게티먹고싶어융   아침에너구리묵었는뎅,짜파게티 먹고싶어 아침 너구리 묵었는,
568,다이어트중인데흑흑ㅠ,다이어트,
569,짜파게티  완젼맛있겠다,짜파게티 완젼 맛있겠다,
570,보자마자사왔어여ㅋㅋㅋ심지어저랑폰도같으심,보자마자 사왔어여 심지어 같으,
571,아아ㅏㅏ알람이안울려요오ㅠㅠ되게오랜만에영상올리시는거같운뎁   짧아도좋은데이왕이면긴영상으로보고시퍼용   그럼전     알람뿌시ㄹ,아아 알람 이안 울려요 오랜 영상 올리시는거 같운 짧아도 좋은데 이왕이면 영상 보고시퍼용 그럼전 알람 뿌시,
572,ㅋㅋㅋㅋㅋ영상진짜기다렸어요 오늘도진지한리뷰잘듣고가요  넵당장사먹겠습니다 월요일월요병조심하시고좋은하루보내세요,영상 진짜 기다렸어요 오늘 진지한 리뷰 듣고가요 당장 사먹겠습니다 월요일 월요병 조심하시고 좋은 하루 보내세요,
573,앞으로식품리뷰할때가격도얘기해주시면안될까요 아무튼오늘은맛있는음식이라다행이네요ㅋㅎㅋㅎㅎㅋㅎㅎ    불어먹는거너무귀여우신거아닌가요ㅍ퓨ㅠㅠㅠㅠ요즘너무더우니까참외롭다참외바인가  암튼그거리뷰해주세요   오늘도ㅈㅐ밌게보고갑니둉,식품 리뷰 가격 얘기 해주시 안될까 오늘 맛있는 음식 다행 불어 먹는거 귀여 우신거 아닌가요 요즘 무더우니까 외롭다 참외 바인 그거 리뷰 해주세요 오늘 밌게보고갑니둉,
574,맛있겠다   리뷰영상잘봤습니다 유경님믿고사보겠습니다,맛있겠다 리뷰 영상 봤습니다 유경 믿고 사보겠습니다,
577,이어폰사용을권하지않습니다   첫입             소음도굉장히싫은데편집할때어플이렉걸린적이있었는데자막이이리저리   하    죄송합니다ㅜㅜ짜파게티는맛있었습니다   ㅠㅠ,이어폰 사용 권하지 않습니다 소음 굉장히 싫은데 편집 어플 걸린 있었는데 자막 죄송합니다 짜파게티 맛있었습니다,
578,언제봐도귀여워요  원래조곤조곤말씀하시는건가요  마이크사용안하시길래한번여쭈어봤어용,언제 봐도 귀여워요 원래 말씀 하시는건 가요 마이크 사용 하시길래 한번 여쭈어 봤어용,
579,또보러왓는데배고파요ㅜ,보러 는데 배고파요,
580,맛있나요 ㅠㅠ,맛있나요,
581,우와밥먹을라고했는데짜파케티사러가야징,우와 먹을라고 했는데 파케티 사러가야,
582,헐이쁘시다,이쁘시다,
583,군대에서섞어먹는라면리뷰해주세요ㅎㅎ공화춘짜장에불닭섞은거요ㅎㅎ,군대 섞어 먹는라면 리뷰 해주세요 공화춘 짜장 불닭 섞은거요,
584,밍님 영상편집머쓰세요 소음있을때는이퀄라이저로특정주파수를죽이면어느정도해결됩니다ㅎㅎ,밍님 영상편집 쓰세요 소음 있을 특정 주파수 죽이면 정도 해결 됩니다,
585,북경짜장ㅋ,북경 짜장,
587,저번달에이사하느냐고너무바빠서 유튜브는생각도못했네요 편집자도없고  편집할시간도없고   ㅅ  생방못보시는분들을위해풀영상이라도잘라올립니다,저번 에이 사하느냐고 바빠서 유튜브 생각 했네요 편집자 없고 편집 시간 없고 생방 보시는 위해 영상 잘라 올립니다,
588,방송며칠못봤는데땡큐,방송 칠못 봤는데 땡큐,
589,오랜만에영상 좋아영,오랜 영상 아영,
590,어니누나왤케오랜만이자너ㅠㅠ,누나 오랜 만이,
591,오물오물맛나게드신다 이거틀어놓고자려고했는데배고파서못자겠어요ㅎㅅㅎ,나게 드신다 틀어놓고자 려고 했는데 배고파서 못자겠어요,
592,그냥짜파게티는물안버려도돼요,그냥 짜파게티 물안 버려도 돼요,
593,트러플짜파게티,트러플 짜파게티,
594,언니들너무마싯게먹는보습보니까저두배고파져용,언니 마싯게 먹는 보습 배고파져용,
595,아   괜히새벽에봤ㄷ      구독누르고가욥,새벽 구독 누르고가,
596,완짜    대밬ㅋㅋㅋㅋㅋㅋ진짜맛나보여용ㅜㅜㅜㅜㅜㅜㅜ,완짜 대밬 진짜 보여용,
597,영둥언니넘맛있게먹어서저두      사러나가렵니다  배고파졌으,맛있게 먹어서 사러나가 배고파졌으,
598,저도오늘짜파게티먹을래용,도오 짜파게티 먹을래,
599,영상너무잘보고있어요  영둥이님이영상마다하시는저있는듯없는듯한앞머리   어떻게만드는지궁금해요,영상 보고있어요 둥이 영상 하시는 있는듯 없는듯 앞머리 어떻게만 드는지 궁금해요,
600,그와중에흰티에청바지존예네요,와중 청바지 존예,
601,짜파구리가쵝오임 너구리랑자파게티ㅡ미친조합깜놀,짜파구리 너구리 파게 미친 조합 깜놀,
602,추자님편식쟁이시구나ㅋㅋㅋㅋㅋㅋㅋ,추자 편식 시구,
603,트러플ㅗ일노맛,트러플 일노,
604,이거맛있던데,맛있던데,
605,아     내가이걸왜새벽에보고있지    배고프네    ㅜㅠ편의점가서하나사야하나,걸왜 새벽 보고 있지 배고프네 편의점 하나 사야하나,
606,ㅋㅋㅋㅋㅋㅋㅋ맛잇겟다,잇겟다,
607,언냐들    왜케   기여워       ㅜㅠ,왜케 기여,
608,고추를또고추로담근소스장에찍어먹다니  매운거잘드시니까추자님은진정한한국인이시네요ㅎㅎ,고추 또고 추로 담근 소스 찍어 먹다니 매운거잘 드시니까 추자 진정한 한국인,
609,ㅋㅋ고추장국자에담아온거졸귀ㅋㅋ,추장국 담아 온거 졸귀,
610,마라탕면이랑콘치즈면도리뷰해주세요,마라 탕면 콘치 면도 리뷰 해주세요,
611,헐언니김치가줘언내맛있어보여여  알려주세요ㅠㅠㅠㅠ,언니 김치가줘 맛있어 보여여 알려주세요,
612,와김치    탐나정보점요,김치 탐나 정보,
613,가현진짜박시연닮앗쪄쳐매력,가현 진짜 박시연 닮앗 매력,
614,먹방하믄부도젤리가현님짱,먹방 하믄 부도 젤리 가현,
615,가현님먹는거만보면참을수가읍네,가현 먹는거만 보면 참을수가,
616,추자언니예전에땡초랑짜파게티먹던거영상뭔지아시는분ㅠㅠㅠㅠㅠ,추자 언니 예전 땡초 짜파게티 먹던거 영상 아시,
617,저도트러플오일그닥,트러플,
618,짜파게티가에피타이져이자저녁이라닛ㅎㅎㅎ,짜파게티 에피 타이져이자 저녁,
619,너무맛나게드신당,나게 드신당,
620,등심오일파스타해서마지막에몇방울톡톡끼얹어먹어야송로버섯의향은진가를발휘,등심 파스타 해서 마지막 방울 톡톡 얹어 먹어야 송로버섯 의향 진가 발휘,
621,어머이조합어쩔넘나좋은쓰리샷 먹방은여윽시ㅎㅎ,어머 조합 넘나 좋은 쓰리 먹방 여윽시,
622,이모님유쾌하셔ㅋㅋㅋㅋㅋㅋㅋㅋㅋ핳핳홓홓홓헣헣,이모 유쾌하셔 핳핳홓홓홓헣헣,
623,언니다이어트해야되는데라면땡겨요ㅜㅜ,다이어트 해야 되는데라면 땡겨요,
624,저도그냥짜파게티가훨맛있어요,그냥 짜파게티 맛있어요,
625,이제언니얼굴만봐도웃겨영,이제 얼굴 봐도 웃겨,
626,내가제일좋아하는세명이잖아ㅠㅠ흑흑너무좋아      사랑해요언니들ㅜ ㅠ,가제 좋아하는 세명 잖아 좋아 사랑 해요 언니,
628,하이라이트는몇일날생방송에서뽑아낸건지적어주시면안되나요   재밌는거풀영상보고싶은대잘못찾겠어요,하이라이트 생방송 뽑아 낸건 지적 주시 안되나요 재밌는거 영상 보고싶은대 찾겠어요,
629,언니다이어트어케하셧는지ㅜ말씀해주세요퓨,다이어트 케하셧 는지 말씀 해주세요,
630,맛있게잡수이소역시우리기출이가현이너무맛있게잘묵네보기가좋네역시기출너무매력있다,맛있게 잡수이소 역시 우리 기출 이가현 맛있게잘 묵네 보기 좋네 역시 기출 매력 있다,
631,사먹어봐야겠지용,사먹어 봐야겠지용,
632,세분다  대롱대롱귀걸이넘옙뻐용 뭘드셔도다맛나보여ㅜㅜ괴로와괴로와,분다 귀걸이 옙뻐 드셔 보여 괴로와 괴로와,
633,역시먹방은부도젤리님  쵝오  나도막먹고싶어짐요방금밥먹었는뎁입맛없을때다시보기보면쵝오예요늘응원해요,역시 먹방 부도 젤리 쵝오 도막 먹고싶어 방금 먹었는 입맛 없을 시보 기보 오예 응원,
634,요새근데짜파게티는맛이너무밍밍해지고맛없어졌어요ㅡㅡㅠㅠ예전이랑맛이틀림저는진짜장이나짜왕이맛있더라구요,요새 짜파게티 밍밍 해지 맛없어졌어요 예전 틀림 진짜 맛있더라구요,
635,가현이먹방최고얌오물조물깔끔식욕마구올라오게함,가현 먹방 최고 오물 조물 식욕 마구 올라오게,
636,근데기출님 죄송해요이름을정확히잘몰라서ㅜㅡ혹시태극기는왜등에꽂고계신지아시는분 ㅋㅋㅋ,기출 죄송해요 이름 정확히잘 몰라서 혹시 태극기 왜등 꽂고계 신지 아시,
637,개뜬금이지만추자이분성격좋으실거같음약간의리있을거같음,뜬금 추자 이분 성격 좋으실거 같음 약간 의리 있을거 같음,
638,가현씨김치딱예쁘게먹네요뒤적거리지않고집은건바로들고가는거완전칭찬해요    잘먹는사람이깨끗하게도먹으니까더복스럽고예뻐요,가현 김치 예쁘게 먹네요 거리 않고 집은건 바로 가는거 완전 칭찬 먹는 사람 깨끗하게도 먹으니까 복스럽고 예뻐요,
639,부도젤리살많이빠졌어여ㅠㅠㅠㅠㅠ홀쭉해지셨져ㅠㅠㅠ,부도 젤리 빠졌어여 홀쭉해지셨져,
640,구도가현 님  기출누나 추자누나먹방조합너무좋아요저도트러플짜파게티먹어봤는데별로ㅠㅠ,구도 가현 기출 추자 누나 먹방 조합 좋아요 트러플 짜파게티 먹어 봤는데 별로,
641,배고파    밤에보니까더배고프네,배고파 배고프네,
642,기출언니음식깔끔하게먹어서넘좋아요,기출 음식 깔끔하게 먹어서 좋아요,
643,먹방은가현이랑기출언니가짱,먹방 가현 기출,
644,내가젤루좋아하는언니들세명모얐졍개조아,가젤 좋아하는 언니 세명 얐졍 개조,
645,이거보고쿠팡에서트러플짜파게티결젴ㅋㅋㅋㅋ,보고 쿠팡 트러플 짜파게티 결젴,
646,지금배경도좋지만예전에그뭔지모를이상한병풍이가끔그리워요ㅋㅋ,지금 배경 좋지만 예전 지모 이상한 병풍 가끔 그리워요,
647,농심이네패쓰,농심 패쓰,
648,이거보고짜파게티끓여먹음짱나네내다이어트,보고 짜파게티 끓여 먹음 나네내 다이어트,
649,기출언니땡초넘맛있게먹는다,기출 땡초 맛있게 먹는다,
650,ㅋㅋㅋㅋ건더기쫑깃는거,건더기 쫑깃 는거,
651,부도젤리님목을줄아시네ㅎ,부도 젤리 줄아시네,
652,추자언니한입먹고바로토스   기출언니가현이먹방조합너무귀여움,추자 언니 먹고 바로 토스 기출 가현 먹방 조합 귀여,
653,미모디집아지는셋이모였어ㅠㅠㅠㅠㅠ,미모 디집아지는 모였어,
654,기출언니쉬는날은언제예요,기출 쉬는 언제,
655,기출언니다그냥말안해도웃겨   짱좋음,기출 그냥 안해 웃겨 좋음,
656,가현이치즈우아하게뜯네ㅋㅋ새침해,가현 치즈 우아하게 뜯네 새침해,
657,가현이립꼬리햇어요 이쁘다요,가현 이립 꼬리 이쁘다요,
658,가현언닠ㅋㅋㅋㅋ치즈겁나엘레강스하게넣으심ㅋㅋㅋㅋㅋㅋㅋㅋㅋㅋㅋ,가현 치즈 겁나 엘레 강스 넣으,
659,일단먹방어영상올라오면가현님있나확인한다구여ㅠㅠ,일단 먹방 영상 올라오면 가현 있나 확인,
660,와ㅠㅠㅠ기출님하고가현님진짜맛있게먹네용 이거보니까저도짜파게티가먹고싶어졌어요ㅋㅋ,기출 가현 진짜 맛있게 먹네용 거보 짜파게티 먹고싶어졌어요,
661,사발면하고봉지라면하고는당연히다르죠  비교하면안됨  봉지라면은봉지라면맛그대로사발면은사발면맛그대로,사발면 하고 봉지 라면 당연히 다르죠 비교 하면 안됨 봉지 라면 봉지 라면 그대로 사발면 사발면 그대로,
662,언니저이영상보고짜파게티사러갔다왔어요,상보 짜파게티 사러 갔다 왔어요,
663,추자씨가추천한짜파게티에땡초그게레전드인데,자씨 추천 짜파게티 땡초 그게 레전드,
664,다이어트중인데썸네일보고바로물올렸어요,다이어트 썸네일 보고 바로 올렸어요,
665,추자언니기여ㅋㅋㅋ내스타일아니네요ㅋㅋㅋ그와중에가현언니치즈뜯는거시강,추자 언니 기여 스타일 아니네요 와중 언니 치즈 뜯는거시,
666,한입컵ㅋㅋ     내스타일아니네요ㅋㅋㅋ,입컵 스타일 아니네요,
667,가현님옆에서치즈뜯는거ㅎㅎ너무귀여우셔   ㅎㅎㅎ,가현 치즈 뜯는거 귀여우셔,
668,이트리플조합사랑해,트리플 합사,
669,기출언니맨날먹어요  ㅎㅎㅎ좋아요,기출 먹어요 좋아요,
670,우리먹방계샛별ㅋㅋㅋ가현언니ㅋ짜빠게티컵라면뿌수고 라면짜빠게티휘감는저손목스냅찰진거보소  매력터져    ㅋ여자는잘먹어야지복스럽지깨작되면매력없쪄ㅎㅎ나는정말언니넘좋다ㅋㅋㅋㅋㅋ가현언니살쪘다하는분들 모가지다쥐뜯ㅋㅋㅋ,우리 먹방 샛별 가현 티컵 라면 수고 라면 휘감는 손목 스냅 찰진거 보소 매력 터져 여자 먹어야지 깨작 되면 매력 정말 좋다 가현 살쪘다하는 모가지,
671,소나무송진ㅋㅋ,소나무 송진,
672,가현이진짜매력터진다,가현 진짜 매력 터진다,
673,추자님 잘챙겨드시고아프지마세요     저도그냥짜파게티먹을래요,추자 챙겨 드시고 아프지 마세요 그냥 짜파게티 먹을래요,
674,저도누나방송보고다음날사먹었는데저는맛있게먹었어요  꾸덕꾸덕좋아하시는분들한테추천이요,방송 보고다음 사먹었는데 맛있게 먹었어요 좋아하시는 추천,
675,긍데보면서도짜파게뤼먹방이맞는데나능왜쌈장먹방으로보이지요 무슨쌈장을국자로ㅋㅋㅋㅋㅋㅋㅋㅋㅋㅋㅋㅋㅋ,보면서도 파게 먹방 맞는데나 능왜 쌈장 먹방 보이지 무슨 쌈장 국자,
676,다 좋치만그래둥저능ㅎ추자옹뉘랑 기츄리옹 채널만기다려져요ㅎ,좋치만 그래 저능 추자 옹뉘 츄리 채널 기다려져요,
677,진짜가현언니땜에다이어트폭망 오늘썸네일에안보여서설마이먹방에빠졌나하는실망감아 시 겠 어 요 근데나오니까세상기분좋은내맘아 시 겠 어 요 가현언니먹방땜에진짜하루하루추자언니채널정독,진짜 가현 다이어트 폭망 오늘 썸네일 안보 설마 먹방 빠졌나하는 실망 감아 나오니까 세상 기분 좋은 가현 먹방 진짜 하루하루 추자 언니 채널 정독,
678,부도젤리첫입,부도 젤리,
679,오늘야식은짜빠게티에다가후라이 개당첨이요,오늘 야식 라이 당첨,
680,아니ㅋㅋㅋㅋ추자언니네에가현인보물이야  먹방을어쩜저리오물오물잘하고말도잘하는지   진짜썸넬에가현이없다가나오니까개반갑네ㅠㅠ,아니 추자 언니네 현인 보물 먹방 어쩜 저리 하고말도 잘하는지 진짜 썸넬 현이 없다가나오니까 반갑네,
681,으억시추자언니ㅋㅋㅋㅋ 개ㅋㅋㅋㅋㅋㅋㅋ,시추 언니,
682,가현언니우아하게치즈찢어서넣은거봐,가현 우아하게 치즈 찢어서 넣은거,
683,기출이언니잘드시네요,기출 언니 드시네요,
684,최고당,최고,
685,가현이누나오셨다보고싶었는데ㅠ,가현 누나 오셨다 보고 싶었는데,
686,이게진짜나왔네욬ㅋㅋ,진짜 나왔네,
687,오 등  언니넘이뻐용,언니 이뻐용,
688,지금끓이로가시나요  일요일엔내가짜파게티요리사,지금 끓이로 가시나요 일요일 짜파게티 요리사,
689,트러플향이낫긴낫군여ㅋㅋㅋㅋ총각김치와의조화가개꿀ㅋㅋㅋ와삭와삭소리도좋네여,트러플 낫긴 총각김치 화가 와삭 와삭 소리,
690,헛  밤이네요 위험하게봤네요 아  진짜위험수위높습니다 ㅎ,위험하게 봤네요 진짜 위험수위 높습니다,
691,저는트러플완전호입니다    요즘음식해먹을때트러플오일촥촥뿌려먹어요 ㅎㅎ너무맛있게드셔서짜파게티하나해먹어야겠어요ㅋㅋㅋㅋㅋ,트러플 완전 입니다 요즘 음식 해먹 트러플 촥촥 뿌려 먹어요 맛있게 드셔서 짜파게티 해먹 겠어요,
692,저도집에이거사놨는데 바로물끓여야겠어요,도집 에이 거사 는데 바로 끓여야겠어요,
693,좀퍽퍽해보여요 물을좀더남기시면더좋을듯,좀퍽퍽 해보여요 좀더 남기시면 좋을듯,
694,안녕하세요와맛있겟다저도먹어보고싶으요구메했어먹어볼께요,안녕하세 맛있겟다 먹어 보고 싶으 요구 했어 먹어 볼께요,
695,농심트러플짜파게티는처음인데맛있어보이네요 카스까지캬   시원하게한잔들이킨다음쭈 욱끝내줍니다 즐거운일요일되셔요,농심 트러플 짜파게티 처음 맛있어 보이네요 카스 시원하게 한잔 들이킨다음 끝내줍니다 즐거운 일요일 되셔요,
696,트러플짜파게티드시는모습뵈니저도무지먹고싶네요반갑습니다다른방댓글보구인사드리러왔어요자주찾아뵙겠습니다,트러플 짜파게티 드시는 모습 뵈니 도무지 먹고싶네요 반갑습니다 다른 댓글 보구인사 드리러 왔어요 자주 찾아 뵙겠습니다,
697,넘퍽퍽하게만드신거아님,퍽퍽 만드신거 아님,
698,트러플짜파게티 처음들어보는데비주얼좋은데요 짠짠스   계란후라이랑먹는짜파게티먹고싶은충동이이는데요 근데이제부터면만먹어요 채널명이바뀌었는데   채널명바꾸니까알림도다없어지네요 다시설정했어요 휴일재충전하고앞으로고고,트러플 짜파게티 처음 어보 데비 주얼 좋은데 짠짠스 계란후라이 먹는 짜파게티 먹고싶은 동이 이는데요 이제 먹어요 채널 바뀌었는데 채널 바꾸니까 알림 없어지네요 다시 설정 했어요 휴일 충전 고고,
699,아  짜빠게티에트러플오일뿌리면맛있다던데그런수고없이세트로나왔네요ㅎㅎ물김치시원하게보여요ㅎㅎ한번사먹어봐야겠요라면을너무조아해서짜파게티살려다가도손은라면으로가요ㅎㅎ,트러플 뿌리 맛있다던데 그런 수고 세트 나왔네요 물김치 시원하게 보여요 한번 사먹어 봐야겠요 라면 조아해서 짜파게티 살려다가도 라면 가요,
701,덜느끼하군요나중에먹어봐야겠습니다뭐라하지 하는사투리도재밌어요,느끼하군요 나중 먹어 봐야겠습니다 뭐라하지 하는 사투리 재밌어요,
702,여러분안녕하세요   오늘영상은말하는목소리가평소보다조금먹먹하게   들릴수있으니양해부탁드릴게요 얼마전에농심에서새롭게출시한트러플짜파게티와명랑핫도그를같이먹어봤는데요 일단트러플짜파게티는굉장히만족스러운맛이었어요 솔직히트러플오일이저렴한가격이아니어서짜파게티를먹기위해트러플오일을따로구입하기에는조금돈이아깝다는   느낌이있었는데 그문제점을속시원하게해결해준제품이라고할까요   광고아니고개인적인의견이에요  하지만트러플오일을따로구입해서직접넣었을때만큼맛의풍미가엄청깊거나하지않고가볍게즐길수있는정도였어요 아마도대중적인맛을내다보니깐오일을적당량만사용한거같아요 그리고명랑핫도그 핵붉달소스는생각보다엄청나게찰떡궁합이었어요 두꺼운빵이랑모차렐라치즈가핵불닭소스의매운맛도어느정도잡아줘서기분좋게매운맛을내주더라고요 마치엽떡중간맛정도국물에핫도그를찍어서먹는그런궁합이라고할까요  앞으로자주이렇게먹어볼거같아요 ㅋㅋㅋ그럼오늘도영상보러와주셔서정말감사드리고좋은밤되세요                                            트러플짜파게티      원  개  통모짜핫도그      원 고구마통모짜핫도그      원 감자통모짜핫도그      원                                                s                s                         s                               s                                                                                                               s,여러분 안녕하세요 오늘 영상 목소리 평소 조금 먹하게 들릴수있으니 양해 부탁드릴게요 얼마 농심 새롭게 출시 트러플 짜파게티 명랑 핫도그 먹어 봤는데요 일단 트러플 짜파게티 굉장히 만족스러운 이었어요 솔직히 트러플 오일이 저렴한 가격 아니어서 짜파게티 먹기 위해 트러플 오일 구입 하기에는 조금 아깝다는 느낌이있었는데 문제점 시원하게 해결 해준 제품 할까 광고 개인 의견 하지만 트러플 오일 구입 해서 직접 넣었을 미가 깊거나 하지 않고 가볍게 즐길수있는 정도 였어요 대중 내다보니깐 오일 적당 만사 용한거 같아요 그리고 명랑 핫도그 소스 생각 엄청나게 찰떡 궁합 이었어요 두꺼운 모차렐라 치즈 불닭 소스 매운 어느 정도 잡아줘서 기분 좋게 매운 내주더라고요 마치 엽떡 중간 정도 국물 핫도그 찍어서 먹는 그런 궁합 할까 자주 먹어 볼거 같아요 그럼 오늘 영상 보러와 주셔서 정말 감사 드리고 좋은 되세요 트러플 짜파게티 통모 핫도그 고구마 통모 핫도그 감자 통모 핫도그,
703,오늘씀네일쵝오다ㅋㅋㅋ,오늘 네일 오다,
725,s                     s                침은어디서소리를내나요,소리 내나요,
730,구도랑배경바뀌신건가요   전이훨씬좋은데  뭔가이공삼님같고좋았는데지금은좀그냥흔한먹방구도인것같아요앞에막쓱쓱하면서봉지에서핫도그꺼내는그런섷두   저만이런거면죄송함미다,구도 배경 바뀌신 건가 전이 좋은데 뭔가 같고 좋았는데 금은 그냥 흔한 먹방 구도 같아요 쓱쓱 면서 봉지 핫도그 꺼내는 그런 저만 이런 죄송함 미다,
734,얼마전까지촬영했던벽돌배경이더괜찮은거같아요지금은어두워서별로,얼마 촬영 했던 벽돌 배경 괜찮은 같아요 지금 어두워서 별로,
740,음식이잘보이는채널은많지만벽돌은이공삼만의매력이었는데,음식 보이는 채널 많지만 벽돌 이공 삼만 매력 이었는데,
744,공삼님컨셉왜바꿨어요전이훨씬좋아ㅠㅠㅠㅠ일부러공삼님꺼보러왔는데   ㅠㅠㅠ엉엉다시바꿔줘요,컨셉 바꿨어요 전이 좋아 일부러 보러 왔는데 엉엉 다시 바꿔줘요,
745,공삼님의음식세팅은정말깔끔하며  얼굴도깔끔하시며  깔끔하고맛있게드신다  구독자가안늘수없지하지만벽돌이너무아쉽숩니다ㅠㅠㅠ,음식 정말 깔끔하며 얼굴 깔끔하시며 깔끔하고 맛있게 드신다 독자 가안 늘수 없지하지만 벽돌 아쉽,
755,콜라따르는표정잘생김폭발,콜라 따르는 표정 잘생김 폭발,
757,와노른자터뜨려서비빌때소리  꾸덕함폭 발 앞치막묶는비장함넘좋아유  ㅋㅋ계속넣어주세요  오늘도사운드굿,노른자 터뜨려서 비빌 소리 덕함폭 앞치막 묶는 비장함 아유 계속 넣어주세요 오늘 사운드,
761,먹을줄아는분,먹을줄아는,
763,흐엉ㅠㅠㅠㅠㅠ이렇게맛있어보이는데왜구독자가안늘쥬,흐엉 맛있어 보이는데 왜구 독자 가안 늘쥬,
765,나썸네일보고트라플짜파게티와대왕통모짜핫도그인줄,썸네일 고트 짜파게티 왕통 핫도그,
766,공삼님혹시천러라면이라고  라면에마라소스넣어서먹는거있는데드셔주실수있나용ㅠㅠ레시피는유튜브에검색하면나와요     너무너무궁금한데공삼님이드시는거보고싶습니다ㅠㅁㅠ,혹시 라면 라면 에마 소스 넣어서 먹는거있는데 드셔주실수있나용 레시피 유튜브 검색 나와요 궁금한데 드시는거 보고싶습니다,
769,와썸네일완전역동적이네요ㄷㄷㄷ홀린듯클릭했습니다,썸네일 완전 홀린 클릭 했습니다,
772,속보입니다지금계란하나가묻히고있습니다신속히처리부탁드립니다,속보 입니다 지금 계란 나가 묻히고있습니다 신속히 처리 부탁드립니다,
775,나는한국을먹는것을좋아합니다  나는사우디아라비아에서당신을따라,한국 먹는것을 좋아합니다 사우디아라비아 당신 따라,
781,ㄴ묨ㅔㅑㅜ햐ㅜㅏㄷ책도ㅅ메ㅐ하여혐ㅕ뭏,하여혐,
789,소리와목소리가아름다워요    멋지다,소리 목소리 아름다워요 멋지다,
791,다시벽돌로요ㅜㅜ이댓만 번째ㅜㅜ,다시 벽돌,
793,와처음으로  초이상안넘긴영상이닼ㅋ,처음 초이 넘긴 영상,
799,추ㅗ야랴ㅑㄹ      라어ㅗ토오ㅗㅊㅎㄴ효유로ㅗ여여러래해ㅡ하,야랴 라어 토오 유로 여러,
803,그의하하하목소리가떨어졌다,하하 목소리 떨어졌다,
805,오늘도미쳤군요  하ㅜㅠ,오늘 미쳤군요,
806,하아     진짜이분을구독해야되나말아야되나지금도구독하고안보는분들이있어서심각한데하아결국눌러버렸다진짜맛있게드시네,하아 진짜 이분 독해 되나말아야되 나지 금도 구독 안보 들이있어서 심각한데하아 눌러 버렸다 진짜 맛있게 드시네,
807,안맵나  하,맵나,
808,공삼님ㅜㅜ진짜일주일전부터매일봐요      소리도너무좋고한입한입와앙들어가는게넘보기좋아요흥하세요,진짜 일주 일전 매일 봐요 소리 좋고 들어가는게 보기 좋아요 하세요,
809,명량핫도그만한번먹어주세요ㅠㅜㅜㅠ,명량 핫도그 한번 먹어주세요,
811,그전벽돌배경이더조은거같아요ㅠㅠ,벽돌 배경 같아요,
812,면후루룩   드셨더라면더좋았을텐데   아쉬워요ㅠㅠ,후루룩 드셨더라면 좋았을텐데 아쉬워요,
816,뭐지저껍데기같은거,껍데기 같은거,
817,처음시작할때      님오프닝이랑흡사하네요,처음 시작 오프닝 흡사하네요,
819,공삼님    전벽돌배경이없어도좋구있어도좋아요화이팅,벽돌 배경 없어도 좋구 있어도 좋아요 화이팅,
820,피드백인것처럼댓글다시지만너무공삼님을생각안하고댓글다시는거같은데공삼님마음도다시한번생각해주세요,피드백 댓글다시지만 무공 생각 댓글다시는거 같은데 공삼 마음 다시 한번 생각 해주세요,
824,항상자기전에보는데   너무먹고싶은거ㅠ있죠ㅠㅠㅠ소리가너무좋아요,항상 기전 보는데 먹고 싶은거 있죠 소리 좋아요,
825,공삼님제발다시벽돌배경으로바꿔주세요ㅜ밝고따뜻한느낌의벽돌배경이공삼님의가장큰특징이었는데이젠너무평범해진듯해요ㅜㅜ,제발 다시 벽돌 배경 바꿔주세요 밝고 따뜻한 느낌 벽돌 배경 이공 가장 특징 이었는데 평범해진듯,
826,왜항상배가고프는지모르겠어요,항상 고프는지 모르겠어요,
828,안녕하세요너진짜대박베팅,안녕하세요 진짜 대박 베팅,
830,벽돌ㅠㅠㅠㅠㅠㅠ어디갔어요,벽돌 어디 갔어요,
831,초잘보면얼음까지않십고드신거같은데ㅎㄷㄷ,보면 얼음 않십고 드신거 같은데,
832,왜요즘영상이안올라오나요ㅠㅠ하루하루기다리고있습니당ㅠㅠ,요즘 영상 이안 올라오나요 하루하루 기다리고있 니당,
833,ㅁㅡㄷㅑ 므댜ㅡㄷ느ㅐ 먀ㅜㅇㅁㄷㅡㅕㅐ새ㅣㅐㅑㅜ애ㅑ머더먖,므댜 머더,
838,이건솔직히화사한테돈줘야함ㅋㅋㅋ,이건 솔직히 화사 야함,
839,물냉비냉먹방도해주세요ㅠㅠㅠ,물냉비냉 먹방 해주세요,
842,이제농심못먹는다,농심 먹는다,
843,아니공삼님적당히맛있게먹으세요   너무배고파지잖아요,아니 적당히 맛있게 먹으세요 배고파지잖아요,
845,s   s                                                               이사람은전에보았던사람들보다더깔끔하게먹고 진짜로이사람을좋아합니다 왜냐하면그가보는사람들을존중하기때문입니다    s                s,사람 보았던 사람 깔끔하게 먹고 진짜 사람 좋아합니다 가보 사람 존중 하기 때문 입니다,
847,너무복스럽게먹으시고너무귀여우세여초심안잃고말잘하고 잘먹든거보면진짜로복스러워용 짱짱맨,먹으시고 귀여우세여 초심 잃고말잘 하고 먹든거 보면 진짜 복스러워용 짱짱맨,
848,유디티 재열카피유디티님팬으로서너무썸네일비슷해요문제가되는부분은아니지만 남의아이디어 남의개성따라하시기보다자기만의방식을찾아나갔으면좋겠습니다,유디티 재열 카피 유디티 썸네일 비슷해요 문제 되는 부분 아니지만 아이디어 개성 따라하 시기 자기 방식 찾아 나갔으면 좋겠습니다,
851,진짜너무조아해요ㅠ진짜완전팬대써요오ㅠ몇개월전부터조아했능데중간에잘못봐서다모아볼꺼에여 ㅠ징짜목소리랑플레이팅하는거먹는소리웃는거다조아요ㅠ징짜초등팬하나늘으셨써요옹ㅠ,진짜 조아해요 진짜 완전 대써요 몇개 월전 조아했 능데 중간 잘못 봐서 다모아 목소리 플레이 하는거 먹는 소리 웃는거다 조아요 초등팬 늘으셨 써요,
852,공삼님나혼자산다에서화사가먹은간장국수하고어묵이넘치는국물   떡볶이먹어주세요,나혼자산다 화사 먹은 간장 국수 어묵 넘치는 국물 떡볶이 먹어주세요,
859,와우맛있겠다 나는좋아한다,와우 맛있겠다 좋아한다,
860,핫도그땡긴다  내가유일하게구독하는먹방유튜버 역시맛있게드시네요허러허헣헣,핫도그 땡긴다 유일하게구 독하는 먹방 튜버 역시 맛있게 드시네요 허러 헣헣,
863,다음에능마라치킨어떨까여,다음 마라 치킨 어떨까,
864,공삼님얼굴에초점이잘가지않네요ㅠㅡㅠ,얼굴 초점 잘가지 않네요,
865,저도먹방찍을까하는데요ㅋㅋㅋㅋ,먹방 찍을까 하는데요,
866,먹 ㅡ고ㅡ싶다ㅏㅏ,싶다,
867,오늘처음보는데너무맛있게드시네요좋아요구독누르고갑니당,오늘 처음 보는데 맛있게 드시네요 좋아요 구독 누르고 니당,
871,그리고공삼님이왜구독자가잘안올라가는건지모르겠어요   만아니    만까지도무난하게갈수있는분인데공삼님자신감잃지마시고이대로계속가주세요언젠가확올라갈거에요그럼안녕히게세욧,그리고 왜구 독자 잘안 올라가는 건지 모르겠어요 만아니 무난 갈수 있는 공삼 자신감 잃지 마시고이대로 계속 주세요 올라갈거에요 그럼 안녕히게 세욧,
876,밤에몰폰하고있는데이거보고먹고싶어서밤에몰래짜파게티끌려먹다들킴ㅋㅋ,있는데이거 보고 먹고싶어서 몰래 짜파게티 끌려 먹다 들킴,
877,신라면건면도엄청맛있다는데그것도리뷰해주세요,신라면 면도 맛있다는데 그것 리뷰 해주세요,
879,공상님진짜유튜브잘되셨으면좋겠어요 초심게속유지하셔서   만까지가면기쁠거같아요,공상 진짜 유튜브 되셨으면 좋겠어요 초심 유지 하셔서 가면 기쁠거 같아요,
895,너무맛있어보여요   담에저렇게먹어봐야겠어요,맛있어 보여요 먹어 봐야겠어요,
897,이영상보고구독누릅니다,상보 구독 누릅니다,
899,공삼이플래이팅도잘하시고소리도좋고잘생기시고열심히하고맛있게드시는데      구독자수가왜안늘지,삼이 하시고 소리 좋고 잘생기시고 하고 맛있게 드시는데 독자 가왜 늘지,
906,아귀여웡,아귀,
912,공삼테이블노래듣구시퍼유ㅠㅠ중독성짱,테이블 노래 듣구시퍼 중독,
914,혹시짜파게티조리법좀알려주실수있으신가요 너무맛있게드셔서ㅎㅎ,혹시 짜파게티 조리법 알려주실수있으신 가요 맛있게 드셔서,
915,이것은인도네시아어텍스트를추가하여침을흘리게합니다,인도네시아어 텍스트 추가 흘리게 합니다,
917,진짜사람이저렇게행복하게먹구나라고생각이드네요,진짜 사람 행복하게 먹구나라고 생각 이드,
925,원래먹방은떵 님밖에안봤는데최근들어서유디 님공 님홍   님을보고있네요다들너무맛있게드시는거아닌가요ㅠ ㅠ,원래 먹방 봤는데 최근 들어서 유디 님공 님홍 보고있네요 맛있게 드시는거 아닌가요,
926,면비비는소리취저  핫도그도너무바삭바삭해보여여ㅠㅠ  음식빛깔도너무영롱보스한게정말루오지네용  그런의미에서마라탕먹방도한번해주시면안될까요 ㅠㅠㅠㅠㅠ마라탕체고,비비는 소리 핫도그 바삭바삭해 보여여 음식 빛깔 영롱 보스 정말 루오 지네 그런 의미 마라 먹방 한번 해주시 안될까 마라 체고,
930,착하셔,착하셔,
931,오늘밤야식은짜파게티로결정했다,오늘밤 야식 짜파게티 결정 했다,
932,s      나는모든비디오를좋아한다,모든 비디오 좋아한다,
933,뭐야왜더잘생겨지신거지ㅠㅠ,왜더 잘생겨지신 거지,
934,저처음보는데재밌어요그리고되게착하게생기신것같아요착한거맞죠,처음 보는데 재밌어요 그리고 착하게 생기 신것 같아요 착한거 맞죠,
936,유일하게보는    ㅎㅎ,유일하게 보는,
937,약간역겨운건강관리,약간 역겨운 건강 관리,
938,모짜렐라치즈먹방해주세욥,모짜렐라 치즈 먹방 해주세,
940,명량은맛은모르겠으나크기가딱고정되서뭔가맛있어보이는게있는거같음다른일반매장보면모양울퉁불퉁해서ㅎㅎ,명량 모르겠으나 크기 고정 되서 뭔가 맛있어 보이는게 있는거 같음 다른 일반 매장 보면 모양 울퉁불퉁해서,
941,공삼님영상에해시태그도넣으시면유튜브에검색했을때더많은사람들이이영상을볼수있을거에요 빨리유명해져라공삼님,영상 해시태그 넣으시면 유튜브 검색 했을 때더 많은 사람 이영 볼수있을거에요 유명해져라,
945,라면썩는소리가ㅋㅋㅋ마크에서흙파는소리임ㅋㅋㅋㅋㅋ레알첨부터다시들어보삼ㅋㅋㅋㅅ,라면 썩는 소리 마크 파는 소리 레알 첨부 시들어 보삼,
946,엄청맛있게먹어꼭먹고싶어지고소리도엄청좋아요역시먹방에는이공삼테이블이짱이에영,맛있게 먹어 먹고싶어지고 소리 좋아요 역시 먹방 이공 테이블,
950,핵불닭명랑핫도그가뭔가했더니ㄷㄷㄷ,불닭 핫도그 뭔가 했더니,
955,자도오늘트러플짜파게티먹었는데진짜존맛이더라고요전갠작으로파김치랑먹는거되게좋아해서담엔파김치도같이,자도 오늘 트러플 짜파게티 먹었는데 진짜 존맛 요전 갠작 파김치 먹는거 좋아해서담 파김치,
956,안매우신가요 ㄷㄷ,안매 우신가요,
959,한국,한국,
960,꾸떡꾸덕바삭바삭소리너무좋아요 그와중에멋있으세요,소리 좋아요 와중 멋있으세요,
961,아어앙아아아명량핫도그일주일째먹고싶은데도참고았었는데        ㅠㅠ전철인데군침나와요   흐엉,아아 명량 핫도그 일주일 먹고싶은데도 참고았었는데 전철 군침 나와요 흐엉,
962,혹시발음은일부러그러시는건가요  아님원래     해쓰요이런식에발음이셔서여쭤본거에요단지그냥궁금,혹시 발음 일부러 러시 건가 아님 원래 쓰요 이런 발음 여쭤 본거에요 단지 그냥 궁금,
966,좋아보인다 나는 s  을좋아한다 나는그것을좋아한다,좋아 보인다 좋아한다 그것 좋아한다,
969,짜파게티먹고싶다,짜파게티 먹고싶다,
973,조합최고예요   ㅠㅠㅠ공삼님이세심하게영상신경쓰시는부분들에는항상감탄하게되네요 전공삼님이짜파게티드실때마다뭐에홀린것처럼바로영상재생버튼을누르게되더라구요,조합 최고 이세 심하게 영상 신경 쓰시 부분 항상 감탄 되네요 짜파게티 드실 홀린 바로 영상 재생 버튼 누르게 되더라구요,
977,이봐 너는머리가길어서음식에빠지지않을거야,머리 가길어서 음식 빠지지 않을거야,
978,와우역시공삼님,와우 역시,
983,여기밑에댓글들중에피드백인것처럼지적한다는댓글과그냥보라는댓글이있는데초심살짝잃으신것같아걱정되서하는피드백들인데그냥지적하지말고아무생각없이보라는댓글은조금황당하네요 댓글들보면둥글게피드백주셨는데  공삼님    명때부터봐온덕자인데초심살짝잃으신건맞아요 피드백도필요한걸요,여기 댓글 피드백 지적 한다는 댓글 그냥 보라 댓글 있는데 초심 살짝 잃으신 같아 걱정 서하 피드백 그냥 적하 아무 생각 보라 댓글 조금 황당하네요 댓글 들보 둥글게 피드백 주셨는데 명때 초심 살짝 잃으 신건 맞아요 피드백 필요한,
985,다이어트포기,다이어트 포기,
988,마싰겠다,마싰겠다,
991,그사운드님말하실때자막도넣어주시면안되나요 ㅎㅎ그러면보기편할거같아요 ㅎㅎ,사운드 말하실 자막 넣어주시면 안되나요 보기 편할거 같아요,
992,ㅠ요즘먹방영상보면다꼭꼭씹지않고드시네,요즘 먹방 영상 보면다 꼭꼭 씹지 않고 드시네,
993,나는그음식을좋아하는데 비디오를볼때마다배가고프다,음식 좋아하는데 비디오 볼때 고프다,
1001,어쨋든봄이오긴오지빠그,어쨋 봄이오긴 오지,
1004,아니진짜매번조합을이렇게찰떡으로맞추시면어떡하시는거죠진짜,아니 진짜 매번 조합 찰떡 맞추시면 어떡하시는거죠 진짜,
1008,아니면여자친구가해주셨어요,아니면 여자친구 해주셨어요,
1011,이공,이공,
1015,아입벌리고먹는거진짜별로     이런건피드백안해주나요 전부터이말계속나왔던거같은데,벌리고 먹는거 진짜 별로 이런건 피드백 해주 계속 나왔던거 같은데,
1019,왜과자씹는소리가나지,과자 씹는 소리 가나,
1020,화장하셨어요,화장 하셨어요,
1025,공삼님   맛나게드시는모습이며사운드며그저사랑입니다 앞으로도먹방많이많이보여주세요   내일둘다사먹어야겠어요,나게 드시는 모습 사운드 사랑 입니다 먹방 보여주세요 다사 먹어야겠어요,
1029,치즈일부러늘리는거같아서더러워보인다,치즈 일부러 늘리는거 같아서 더러워 보인다,
1030,먹뱉너무티니,무티,
1033,이유트버인성은 높을수록좋습니다ㅎ,이유 트버 성은 높을수록 좋습니다,
1038,너무흔해진것같으면조용히구취하고꺼지든가벽돌배경되돌려놔라심지어음식보여주는방식도트집을잡네ㅋㅋ구독자들좋아하는걸괜히바꿨겠음 공삼님도생각이있어서바꾸신건데피드백이랍시고계속배경트집잡는것들진짜어후ㅋ적당히해라구독자가뭔벼슬인가,흔해진것 같으면 조용히 구취 꺼지든 벽돌 배경 되돌려 놔라 심지어 음식 보여주는 방식 트집 잡네 독자 좋아하는걸 바꿨겠음 생각 있어서 바꾸신건데 피드백 랍시고 계속 배경 트집 잡는것 진짜 적당히 구독 벼슬,
1048,어쩜이렇게화질이좋을수가음식이확사네요,어쩜 화질 좋을수가 음식 이확 사네요,
1049,공삼님은핵불닭소스를아무렇지않게드시네  ㄷㄷ,불닭 소스 아무렇지 않게 드시네,
1050,음공삼님은너무이런종류만드시는거같아요,음공 이런 종류 만드시는거 같아요,
1069,아니아니    그했으면요화장을,아니아니 했으면요 화장,
1073,공삼님이구독자가올라야이잼나는영상을다같이볼텐데영상구성이참알차염,독자 라야 잼나는 영상 볼텐데 상구 이참 알차,
1077,반먹은클립을만들어야해,먹은 클립 만들어야해,
1084,한번도댓글안남겼는데첨으로남겨봐요 다이어트하느라맛난것들못먹는데매일공삼님영상보면서힐링하고있어요 플레이팅부터사운드 메뉴선정까지매번고민하시는게느껴져요 그래서이렇게좋은영상이나오는거겠죠 구독자들많이늘어서더대박나시면좋겠어요  ㅎㅎ,한번 댓글 남겼는데 남겨 봐요 다이어트 하느라 들못 먹는데 매일 공삼 영상 보면서 힐링 있어요 플레이 사운드 메뉴 선정 매번 고민 하시는게 느껴져요 좋은 영상 오는거겠죠 독자 늘어서더 대박나시면 좋겠어요,
1088,물회먹방좀요,물회 먹방,
1090,와  미춋다조합  쭉늘어나는치즈하며  조합너무좋네요,미춋다 조합 늘어나는 치즈 조합 좋네요,
1092,지금먹고싶은데못먹는사람,지금 먹고싶은데 먹는 사람,
1095,나는당신의비디오를보는것을좋아합니다,당신 비디오 보는것을 좋아합니다,
1103,벽돌배경다시안하실거라면  배경색을다양하게시도해보시면어떨까요    음식에집중되라고검정색하신건가싶은데  답답하고더워보이네요    ㅜㅠㅠ,벽돌 배경 다시안하실거라면 배경 다양하게시도 해보시면 어떨까 음식 집중 되라고 검정색 신건 싶은데 답답하고 더워 보이네요,
1110,부자가된모든것을갈망하는날,부자 모든 갈망,
1141,개더러워,더러워,
1148,트러플짜파게티랑명랑핫도구    맛있겠다ㅜㅜ  통모짜좋아요ㅠㅠ,트러플 짜파게티 명랑 도구 맛있겠다 통모 좋아요,
1158,지렸다   영상퀄리티 음질아       맛있겠다,지렸다 영상 퀄리티 음질 맛있겠다,
1161,먹방영상보는특 침을수일때까지보고참을수없으면끝까지인보고바로나감 내생각,먹방 상보 수일 보고 참을수 없으면 인보 바로 나감 생각,
1162,검은색배경이라음식이정말잘보이네요벽돌도좋지만이것도괜찮은것같아요,검은색 배경 음식 정말 보이 벽돌 좋지만 괜찮은 같아요,
1172,말을하면한다고뭐라하고안하면안한다고뭐라하고어디에맞춰야하는지고민많으시죠,말을하면한 뭐라하 고안 면안 뭐라하고 어디 맞춰야하는지 고민 많으시죠,
1176,당신은좋은요리사이고다른사람들이당신을아주잘흘리게합니다좋아함,당신 좋은 요리사 다른사람 당신 아주 흘리게 합니다 좋아함,
1182,말을잘않하시니깐집중하기편해서좋네요,않하시니깐 집중 하기 편해서 좋네요,
1189,유디티꺼그대로따라한거같누,유디티 그대로 따라한,
1238,공삼님ㅠㅠ예전벽돌이너무그리워서예전동영상정주행중이에요ㅠㅠ바꾸긴어려우시겠지만가끔씩벽돌로해주시면안될까요ㅠㅠ,벽돌 그리워서 예전 동영상 주행 바꾸긴어려 우시겠지만 가끔 벽돌 해주시 안될까,
1243,소리는진짜좋은데  배경이너무검정색이라서어디갇혀서   먹는느낌이에요ㅠㅠ,소리 진짜 좋은데 배경 검정색 어디 갇혀서 먹는 느낌,
1383,도남따라하는거임,도남 따라하는거,
1495,썸네일너무유디티님따라하시는데,썸네일 유디티 따라하시는데,
1502,먹는거편집안하고보고싶어요ㅠㅠ,먹는거 집안 보고 싶어요,
1503,어떻게하면이렇게리얼한음식소리만들리게할수있는거에요,어떻 리얼 음식 소리 들리게 할수있는거에요,
1504,이시간에맛잇겟다ㅏㅓ어아ㅏㅏㅏ아ㅏㅏㅏㅏㅏㅏㅏㅏ,시간 잇겟다,
1505,안녕하세요이공삼님,안녕하세요,
1506,비주얼봐      명량핫도그진짜좋아하는데ㅠㅜㅜㅜㅜㅜ오늘영상도잘보고가요ㅠㅠㅠ,비주 명량 핫도그 진짜 좋아하는데 오늘 영상 보고가요,
1507,나도따라서콧구멍커지느데,나도 따라서 콧구멍 커지느데,
1508,배경너무,배경,
1509,맨날잘어울리나봐요ㅋㅋ,어울리나 봐요,
1510,벽돌  ㅠㅠㅠㅠ,벽돌,
1511,져거네가먹었으면난죽었겠다   ㄷㄷㄷㄷㄷㄷ,져거 먹었으면 죽었겠다,
1512,오랜만에댓글남깁니당오늘도맛있게잘드시는공삼님모습덕분에힐링하고갑니다,오랜 댓글 남깁니당 오늘 맛있게잘 드시는 모습 덕분 힐링 갑니다,
1513,부먹 찍먹말고깔먹도해주세여,먹말고 먹도 해주세여,
1514,몸에좋은것도먹어쥬세영,좋은 먹어 세영,
1515,소리ㄷㄷ맛있겠네요,소리 맛있겠네요,
1516,방금육회가너무먹고싶어서서치하다가우연히영상보게되었는데그대로입덕영상이되어버렸네요    진짜유튜브하시는내내들어서이젠지겨울정도겠지만한번더들어주세요 정말최고입니다ㅜ음식선정과플레이팅과이팅사운드랑먹는표정ㅠ얼굴ㅠ목소리ㅠ다조아오ㅜㅜㅜ백만까지쭉함께해요물론백만이상의가치가있는분입니다ㅜㅜㅠ그냥쭉함께합시다오늘도좋은영상감사합니다,방금 육회 먹고싶어서 서치 다가 상보 되었는데 그대로 입덕 영상 되어 버렸네요 진짜 유튜브 하시는내내 들어서이 겨울 정도 겠지만 한번 들어주세요 정말 최고 입니다 음식 선정 플레이 팅과이팅 사운드 먹는 표정 얼굴 목소리 조아오 백만 백만이 가치 있는 입니다 그냥 합시다오 좋은 영상 감사합니다,
1517,소리진짜고퀄이다  잡음하나없어,소리 진짜 잡음 없어,
1518,감자핫도그진짜맛있죵ㅠㅠ,감자 핫도그 진짜 맛있,
1519,왤케잘생겨지셧어요,잘생겨지,
1520,소스통귀여워요ㅎㅎ디테일함이좋은먹방은공삼님이최고인듯,소스 귀여워요 디테 좋은 먹방 최고,
1521,원래공삼님이되게많이쭈압거리셔서들을때힘들었는데뭔가좀자제하고드신건지ㅎㅎ훨씬듣기편해졌어요  그리고이번영상에서김치나단무지안드셔서너무좋아요  볶음라면의그푸석한   소리를좋아하는데다른분들은단무지나김치를드셔서그소리가잘안들려아쉬웠거든요 영상잘보고갑니다,원래 많이 쭈압거리셔 들을 힘들었는데 뭔가 자제 드신 건지 듣기 편해졌어요 그리고 이번 영상 김치 단무지 드셔 서너 좋아요 볶음 라면 푸석한 소리 좋아하는데 다른 단무지 김치 드셔서 소리 잘안 들려 아쉬웠거든요 영상 보고 갑니다,
1522,불닭소스에핫도그상상도못햇는데먹고싶다  ㅠㅠㅠㅠㅠㅠ  이저녁에올리시다니,불닭 소스 핫도그 상상 못햇 는데 먹고싶다 저녁 올리시다니,
1523,비하인드스토리ㅋ조마조마소스,비하인 스토리 조마조마 소스,
1524,짜파게티에핫도그조합은처음이네여  ㅎㅎ전통가래떡핫도그에감자토핑추가하는걸좋아하는데공삼님이좋아하시는핫도그는무엇인가요  계란노른자올린것두역시배우신분  오늘영상도재밌게보겠습니당,짜파게티 핫도그 조합 처음 전통 가래떡 핫도그 감자 토핑 추가 는걸 좋아하는데 좋아하시는 핫도그 무엇 계란노른자 올린것 역시 배우 신분 오늘 영상 재밌게 보겠 니당,
1525,와조합,조합,
1526,대박ㅠ넘맛있겠어용,대박 맛있겠어용,
1527,떡볶이도생겼어요,떡볶이 생겼어요,
1528,핡맛있겠다헿,맛있겠다,
1529,총각무라도같이드셔주세요면발만드시니약간심심해요   항상잘보고있어요,드셔주세요 면발 만드시니 약간 심심해요 항상 보고있어요,
1530,와진짜맛있게먹으시네요,진짜 맛있게 먹으시네요,
1531,이분언젠가   만찍는다장담한다,이분 찍는다 장담,
1532,오늘점심은짜파게티,오늘 점심 짜파게티,
1533,으아  공삼넴  조합  으어가방끈기신분,으아 조합 어가 끈기 신분,
1534,맛있겠다,맛있겠다,
1535,오늘은알람이일제대로했네트러플짜파게티먹고는싶은데구매처를몰라서혹시공삼님실례가안되시면사신곳쫌알려주시면안될까요 그리고기대가되네요맛있게듣겠습니닷,오늘 알람 일제 했네 트러플 짜파게티 먹고는싶은데 구매 몰라서 시공 실례 안되시면 사신 곳쫌 알려주시면 안될까 그리고 기대 되네요 맛있게 듣겠,
1537,입안에  동굴이있으신가봐요,입안 동굴 있으신 가봐요,
1538,냉면이나비빔면먹방해주시면안돼나요     여름이고하니깐시원한거드시는게보고싶어서ㅠㅠ,냉면 비빔면 먹방 해주시면안 돼나요 여름 고하 시원한 거드시는게 보고싶어서,
1539,영상볼때마다항상느끼고또생각하는건데어투가순하셔서너무좋아요    저까지평화로워지는 기분입니다 ㅎㅎ음식드시는소리도너무먹음직스러워서너무중독성잇어욬ㅋㅋㅋㅋ앞으로도건강하고즐겁게방송해주세여 ㅎ다이어트후먹킷리스트에얼른적으러가야겟어여,영상 볼때 항상 느끼고 생각 건데 순하셔서 좋아요 평화로워지는 기분 입니다 음식 드시는 소리 먹음 스러워 서너 중독 잇어 건강하고 즐겁게 방송 해주세여 다이어트 리스트 얼른 적으러 가야겟어여,
1540,미쳤다하,미쳤다하,
1543,저번에직접트러플짜파게티만들어드셨는데이번에는새로나온트러플짜파게티를드시네용 그때드셨던트러플짜파게티와맛이비슷한가요  그리구핫도그를드시면다들불닭소스에찍어드시더라구요 저는매운걸잘못먹어서저렇게는절대못먹을것같아요ㅜㅜㅜㅜ아그리고드실수록짜파게티가점점건조 하다해야하나 수분기가날아가는것같아요ㅜㅜ공삼님이괜찮으시면괜찮다만드시기뻑뻑하시면처음에소스섞으실때물을더넣으시거나중간중간음료도드시면서하셔도괜찮을것같아용,저번 직접 트러플 짜파게티 만들어 드셨는데 이번 로나 트러플 짜파게티 드시 그때 드셨던 트러플 짜파게티 비슷한가요 그리구 핫도그 드시면다 들불 소스 찍어 드시더라구요 매운 잘못 먹어서 저렇게는 대못 먹을것 같아요 그리고 드실수록 짜파게티 점점 건조 해야하나 분기 날아가는것 같아요 괜찮으시면 괜찮다만 드시기 뻑뻑 하시면 처음 소스 섞으실 때물 넣으시거나 중간 중간 음료 드시면서 하셔도 괜찮을것 같아용,
1544,달걀생달걀인가요,달걀 달걀,
1545,아편의점어디있냐,편의점 어디 있냐,
1546,공삼님배경땜에음식에집중이더되고음식이더잘보이는것같아요,배경 음식 집중 더되 고음 보이는것 같아요,
1547,뭔가면드실때별로안씹고그냥삼키시는것같아걱정되요ㅠ입에많이넣는게맛있어보인다지만꼭꼭씹고삼키셨음해요ㅠㅠ소화안되실까봐걱정되네요,가면 드실 로안 씹고 그냥 삼키시는것 같아 걱정 되요 넣는게 맛있어 보인다지만 꼭꼭 씹고 삼키셨 음해 소화 안되실까봐 걱정 되네요,
1548,결국     못참앗ㅇ,참앗,
1549,세팅하고이러다보면짜파게티뿔을거같은데공삼님건왜윤기가쟈르르르하나요,이러다 보면 짜파게티 같은데 공삼 건왜 윤기 쟈르르르 하나요,
1550,벽돌제발돌려주세요ㅠㅠㅠㅠㅠㅠㅠㅠㅠㅠㅠ너무좋았는데벽돌과앞치마 의조화가ㅠㅠ,벽돌 제발 돌려주세요 좋았는데 벽돌 앞치마 의조 화가,
1551,와    짱마싯겠다,마싯겠다,
1552,공섬님짜파게티먹을때물버리셨나요 만약버리셨다면그거물버리지않고먹은거에여그렇니깐다음부턴물버리지말아주세용,짜파게티 먹을 때물 버리셨나요 만약 버리셨다면 거물 버리지 않고 먹은거 그렇니깐 다음 버리지말아주세용,
1553,트러플의농후한향기가여기까지옵니다     오늘밤은맥주와함께라면을먹어야겠군요     그리고위험해보이는       소스는치즈에강한맛을이기지못하고오히려조화를이루게됐군요    그리고역시손으로먹는거보단 도구죠      다른사람들은아닐수있지만요    뭔가더맛있어보이도깔끔한게참좋아요     지금보니까뒷배경도좋은거같아용 집중도가높아지고용 저는옛날에와국에있을때불닭에치즈랑짜파게티섞어서먹었던기억이있습니다 그당시매운걸못먹어서주스통을털었던기억이      사랑하는치즈에게     공삼씨배에들어가서도잘살려무나     눈으로너의최후를담아둘게,트러플 농후 향기 여기 옵니다 오늘밤 맥주 라면 먹어야겠군요 그리고 위험해 보이는 소스 치즈 강한 이기지못하고 오히려 조화 이루게 됐군요 그리고 역시 먹는거보단 도구 다른사람 아닐수있지만 뭔가 맛있어 보이 깔끔한게 좋아요 금보 배경 좋은 같아용 집중 높아지고용 옛날 있을 불닭 치즈 짜파게티 섞어서 먹었던 기억 있습니다 당시 매운 걸못 먹어서 주스 털었던 기억 사랑 하는 치즈 씨배 들어가서도 잘살려무나 최후 담아,
1568,중간에계란노른자자연스레넣으시는거봨ㅋㅋ귀여우셔,중간 계란노른자 넣으시는거 귀여우셔,
1710,공삼님도맘먹고검은배경으로하셨을텐데보이는댓글  프로가검은배경까는댓글ㅋㅋ,먹고 검은 배경 하셨을텐데 보이는 댓글 프로 검은 배경 까는 댓글,
1725,배경이검정색이라음식이더선명해진느낌  전좋으네요  벽돌무늬도공삼님만의무늬라서그것도나쁘지않구요  깔끔한세팅에맛있게먹어주셔서보는내내행복했네요,배경 검정색 음식 선명해진 느낌 좋으네요 벽돌 무늬 무늬 그것 나쁘지 않구요 깔끔한세 맛있게 먹어주셔서 보는내내 행복했네요,
1743,벽돌배경을가지고와라,벽돌 배경 가지 와라,
1758,얼굴못생김,얼굴 생김,
1759,인트로가너무길어요  먹는거시작하는데가어딨는지찾느라삼매경ㅠㅠ,인트 길어요 먹는거 시작 하는데가 어딨는지 찾느라 매경,
1766,화사님   죄송합니다,화사 죄송합니다,
1767,장갑은왜꼈어요 ㅎㅎ재밌네요,장갑 꼈어요 재밌네요,
1768,덕출  영상보고성지순례왔습니다 번창하세요,상보 성지순례 왔습니다 번창 하세요,
1769,트러플오일추가가필요하네영ㅋㅋㅋㅋㅋ,트러플 추가 필요하네,
1770,으 아보고싶었어요 파김치씨ㅜㅡㅜ,아보 싶었어요 파김치,
1771,덕출순례왔습니다구독좋아요가즈아   잉,순례 왔습니다 구독 좋아 요가,
1772,텐션무엇    ㅋㅋ,텐션 무엇,
1773,이럴수가 끓인짜파게티먹으면서봤어요반숙계란후라이까진있었는데파김치가없어서아쉽 ㅎㅎ,이럴수가 끓인 짜파게티 먹으면서 봤어요 반숙 계란후라이 있었는데 파김치 없어서 아쉽,
1774,덕출이보고와서구독합니다,출이 보고와 서구 독합니다,
1775,백종원만능양파넣고만들면짜장면돼요ㅎㅎ,백종원 만능 양파 넣고 만들면 짜장면 돼요,
1776,짜파게티앞니에검정마크까지표시하면서맛있게잘드시는거보니까붕어빵친구한테사달라며떼쓰시다가 친구 아알았어 천원어치 개사와 라는말끝나기무섭게붕어빵사서친구한테 잇쏘님 붕어빵사왔어   친구 야근데 개에 천원아니냐 근데왜 개밖에없어 잇쏘님 아닌데 사장님이 개담아주시던데 친구 음  아그래 알았어잇쏘님 야야나근데붕어빵진짜좋아하는데내가 개먹으면안되  친구 뭐그러던지잇쏘님좋아가지고세상다얻은거마냥헤벌레하면서웃으며붕어빵먹을려고하는데앞니에밭끼어있음,짜파게티 앞니 검정 마크 표시 하면서 맛있게잘 드시는거 붕어빵 친구 달라 떼쓰시다가 친구 알았어 천원 어치 개사 말끝 나기 무섭게 붕어빵 사서 친구 잇쏘님 붕어빵 사왔어 친구 야근 천원 아니냐 없어 잇쏘님 아닌데 사장 담아주시던데 친구 그래 알았어 야야 붕어빵 진짜 좋아하는데내가 먹으면안되 친구 그러던지 좋아가지고 세상 얻은 거마 벌레 면서 웃으며 붕어빵 먹을려고 하는데 앞니 끼어있음,
1777,안에고춧가루조금만넣으시면더맛있어요,고춧가루 조금 넣으시면 맛있어요,
1778,파김치구합니다,파김치 구합,
1779,틱톡비빔밥드시는거보고왔어요ㅎ,틱톡 비빔밥 드시는거 보고왔어요,
1780,아식욕터진다,식욕 터진다,
1781,짜파게티  먹고싶댱,짜파게티 먹고싶,
1782,안녕하세요  나는김규빈이예요먹어볼까요    아빠와함께하는농심에서출시한신제품 트러플짜파게티 먹방입니다  귀엽게영상봐주세요    구독ㅣ좋아요ㅣ알람 부탁드려요                                                s         트러플짜파게티먹방 아빠와함께먹방      리얼사운드         신제품,안녕하세요 김규 빈이예요 먹어 볼까 아빠 하는 농심 출시 신제품 트러플 짜파게티 먹방 입니다 귀엽게 영상 봐주세요 구독 좋아요 알람 부탁드려요 트러플 짜파게티 먹방 아빠 먹방 리얼 사운드 신제품,
1786,규빈군자주못들어와죄송합니다오늘은짜파게티네요저도한번먹어봐야겠네요오랜만에규빈이영상풀시청으로응원합니다,빈군 자주못 들어와 죄송합니다 오늘 짜파게티 한번 먹어 봐야겠네요 오랜 규빈 영상 시청 응원 합니다,
1788,규빈이가라면을먹으면서아맛있다  라는소리를할정도라니입맛에잘맞나봐요ㅎㅎ마지막에계란과의조합은더욱맛있어보이네요  풀감상으로응원하고갑니다,빈이가 라면 먹으면서 맛있다 소리 정도 입맛 잘맞나 봐요 마지막 계란 조합 더욱 맛있어 보이네요 감상 응원 갑니다,
1789,규빈이랑규빈파파사이너무좋아보여요 규빈이작은손으로젓가락질하는거너무귀여워요ㅠ오늘도좋은하루되세요,규빈 규빈 파파 사이 좋아 보여요 규빈 작은 젓가락 질하는거 귀여워요 오늘 좋은 하루 되세요,
1795,규빈이넘맛있게먹어용 매일매일이건만본다능,규빈 맛있게 먹어용 일이 건만 본다,
1797,와   이제광고도나오고,광고 나오고,
1800,아가너무귀여워용,아가 귀여워용,
1801,정말맛있게드십니다     리얼사운드네요,정말 맛있게 드십니다 리얼 사운드,
1802,와  영상보니너무먹고싶어서못참겠네요ㅎㅎ오늘은짜파게티에계란반숙입니다ㅎㅎ엄지척,상보 먹고싶어서 참겠네요 오늘 짜파게티 계란 반숙 입니다 엄지,
1803,항상신메뉴리뷰해주셔서감사해요  항상규빈튜브잘보고있어요,항상 메뉴 리뷰 해주셔서 감사해요 항상 규빈 튜브 보고 있어요,
1804,트러플짜파케티는처음보네요ㅎㅎ진짜군침도는비주얼입니다  규빈이가자라나는모습이보이네요ㅎㅎ앞으로도건강하게잘자라길응원할게요  맛있는영상감사합니다ㅎㅎ,트러플 파케티 처음 보네요 진짜 군침 비주 입니다 빈이가 자라나는 모습 이보 건강하게잘 자라길 응원 할게요 맛있는 영상 감사합니다,
1806,넘 귀여워,귀여워,
1807,규빈이,규빈,
1808,규빈이너무맛있게먹어요ㅠ 배고파지네영,규빈 맛있게 먹어요 배고파지,
1809,아이고오물오물잘도먹네요  너무귀여워요,아이고 잘도 먹네요 귀여워요,
1810,아이런게나왓군요짜파게티엄청좋아하는데ㅎㅎ맛잇겟네여ㅎㅎㅎ,이런게나 짜파게티 좋아하는데 잇겟,
1811,규빈이말도잘하고먹방도자연스럽게하네요   농심신제품트러플짜파게티한번먹어봐야겠네요    맜있게보여요,빈이말도 잘하고 먹방 자연 하네요 농심 신제품 트러플 짜파게티 한번 먹어 봐야겠네요 있게 보여요,
1815,짜파게티컵으로된거안먹어봤는데형아도사먹어야겠다형아직장에학생들이방학해서밥을안주거든그후론그런기회없더라기쁜소식은고용공단샘소개로운암중학교정규직됬어만  세까지고,짜파게티 된거안 먹어 봤는데 형아 사먹어야 겠다 형아 직장 학생 방학 해서 안주 거든 후론 그런 기회 없더라 기쁜소 식은고용 공단 소개 중학교 정규직 됬어만 세까 지고,
1816,객관적으로맛이없다 보다는주관적으로호불호가갈린다는느낌이강한제품인거같아요 그러나이상하게저는트러플와퍼좋아합니다   ㅠ ㅠ,객관 없다 보다는 주관 호불호 갈린다는 느낌 이강 제품 같아요 그러나 이상하게 트러플 와퍼 좋아합니다,
1817,배추김치 오빠내가있었으면어땠을까   우리조금달라졌을까,배추김치 오빠 내가있었으면 어땠을까 우리 조금 달라졌을까,
1818,썸네일표정에서평가를바로알수있네요ㅋㅋㅋ,썸네일 표정 평가 바로 알수있네요,
1819,트러플짜파게티컵라면은호불호가심하군요ㅋㅋ  저도오랜만에짜파게티가먹고파용 배고픈저녁히ㅠㅠ,트러플 짜파게티 컵라면 호불호 심하군요 오랜 짜파게티 먹고 파용 배고픈 저녁,
1820,출시하자마자먹어봣는데완전개별로    오일도싸구려냄새나고맛도그리나는것도아니고기대를넘해서그런지몰겟지만왕왕실망햇우요ㅠ,출시하자마자 먹어 는데 완전 개별 오일도 싸구려 냄새 나고 그리나는것 도아 고기 해서 그런지 몰겟지만 왕왕 실망,
1821,어쩔수없다더니좋아하고 사고치고면치기하고 물마시는거상남자  역시  ㅎㅎ짜파게티별로안먹지만먹어봐야겠네요,어쩔 없다더니 좋아하고 사고 치기 마시는거 상남자 역시 짜파게티 로안 먹지만 먹어 봐야겠네요,
1822,자저씨님참치고추장비빔밥 계란후라이 참기름 드셔보셨나요 간편하고맛있다고하네용 혹시드셔보셨다면레시피부탁드립니다,참치 고추장 비빔밥 계란후라이 참기름 드셔 보셨나요 간편하고 맛있다고 하네용 혹시 드셔 보셨다면 레시피 부탁드립니다,
1823,자저씨자꾸면치기하시네저오늘석식청요리예요 중국식 부럽지않아요 부러우면지는거닷,꾸면치기 하시네 오늘 석식 청요리 중국 부럽지 않아요 부러우면 지는거,
1824,그냥오리지날이최고인거같아여,그냥 오리 지날이 최고 같아여,
1825,오프닝시무룩도존귀탱이구앞치마핫챠  핫챠챠챠챠챠ㅑ넘모귀여워여ㅠㅠ그렇게시무룩해하는거보니까저는도전안해야겠어여,오프닝 시무 존귀 앞치마 핫챠 핫챠챠챠챠챠 귀여워여 시무룩해하는거 도전 안해 겠어여,
1826,개인적으로짜파게티에 필리핀에서산 트러플오일까지넣어봤는데  향이투머치인느낌이강해서한번시식후에두번다시안먹습니다ㅋㅋ,개인 짜파게티 필리핀 서산 트러플 오일 넣어 봤는데 투머 치인 느낌 강해서한 번시 에두 다시안 먹습니다,
1827,헤헿오늘은자저씨님이랑같이저녁먹는당ㅎㅎㅎ저녁먹으면서영상보니배고픈효과가더크네욬ㅋㅋㅋㅋㅋ짜파게티보면서더밥먹는중ㅋㅋㅋㅋㅋ트러플짜파게티는무슨맛일지궁금했는데   말안해도면치기로보면다알겠어    그만얘기해도될것같아,헤헿 오늘 은자 저녁 먹는당 저녁 먹으면서 영상 보니 배고픈 효과 더크 짜파게티 보면 서더 먹는 트러플 짜파게티 무슨 일지 궁금했는데 말안 해도면치기로 보면다 알겠어 그만 얘기 해도 될것 같아,
1828,이거먹어보려했는데  갑자기먹기싫어지네용,먹어 보려 했는데 갑자기 먹기 싫어지네,
1829,트러플오일향개극혐,트러플 일향,
1830,댓글남기고나서궁금한걸못참겠어서바로사다먹었는데저한텐완전극호  였어요  심지어오리지널보다맛있다고느껴서몇개더사서쟁여놔야지생각도했었는데이제품은정말호불호가많이갈리네요  아무래도제입맛이많이특이한가봅니다ㅋㅋㅋ쨌든리뷰해주셔서저도감사랑   합니다,댓글 남기고나서 궁금한 걸못 참겠어서 바로 사다 먹었는데 한텐 완전 였어요 심지어오리지 맛있다고 느껴서 몇개 사서 놔야지 생각 했었는데 제품 정말 호불호 갈리네요 입맛 많이 특이 가봅니다 쨌든 리뷰 해주셔서 도감 사랑 합니다,
1831,자연인통돼지수육인지   버터나마가린넣고하는수육이있던데  한번해주세요ㅜㅜ먹방하시는햇님언니가자주드시는수육인데  제대로레시피설명이나시간등설명해주는곳이없어서한번도전햇다고기덜익어서혼낫네여ㅜㅜ대충올라오는레시피에따르면우리들이흔히아는온갖잡내잡는것들안때려넣어도맛있다던데ㅎ한번연구해서부탁드려요,자연인 돼지 수육 버터 마가린 넣고하는 수육 있던데 한번 해주세요 먹방 하시는 햇님 자주 드시는 수육 제대로 레시피 설명 시간 설명 해주는 없어서 한번 도전 고기 익어서 혼낫 대충 올라오는 레시피 따르면우리 들이 흔히아는 온갖 잡내 잡는것 들안 때려 넣어도 맛있다던데 한번 구해 부탁드려요,
1832,자저씨파김치가없어서그래여,파김치 없어서 그래여,
1833,짜파게티는물버리는거아닌데   형언냐들나만불편해,짜파게티 버리는거 아닌데 형언 들나만 불편해,
1834,짜파게티물안버리고먹는거아닌가,짜파게티 물안 버리고 먹는거 아닌가,
1835,트러플짜파게티리뷰    흑당라떼샌드위치리뷰    라떼는말이야라면먹을때말이야,트러플 짜파게티 리뷰 라떼 샌드위치 리뷰 라떼 라면 먹을 때말,
1836,헐흑당샌드위치보고꼭 절넘어가는한국인ㄷㄷ했는데찹쌀떡있었다니내사랑,샌드위치 보고 넘어가는 한국인 했는데 찹쌀떡 있었다니 사랑,
1837,늦어따ㅠㅠㅠㅠ저근데이거두개다먹어봣어요   맛평가저도똑같아요ㅎ트러플짜파게티는그냥똑같았고흑당라떼는떡도있고맛잇엇어요,늦어 데이 거두 먹어 평가 똑같아요 트러플 짜파게티 그냥 똑같았고 라떼 있고 엇어,
1838,알림이안켜져있었네요  ㅎㅎ예쁜분이매력있는목소리로매일신제품들알려주시는데그정도야  큰힘이된다니눌러드리져  제계좌는,알림이안 켜져있었네요 예쁜 매력 있는 목소리 매일 신제품 알려주시는데 정도 된다니 눌러 드리져 계좌,
1839,라면드실때무슨청소기처럼흡입하는소리가나서웃겻네요ㅋㅋㅋㅋ,라면 드실 무슨 청소기 흡입 소리 가나 웃겻,
1840,트러플짜장라면은우리화사가먹어서큰화제를불러일으켰죠  하하하하하핳먹방여신안혜진   사랑해,트러플 짜장라면 우리 화사 먹어서 화제 불러일으켰죠 하하 하하 먹방 여신 안혜진 사랑,
1841,ㅋㅋㅋㅋㅋ진짜맛있으셨나봐요  분거리에있어도갈정도라니  ㅋㅋㅋ저도사먹어볼까요ㅎㅎ아부장님개그ㅠㅠㅠ아이고부장님,진짜 맛있으셨나 봐요 거리 있어도 정도 도사 먹어 볼까 아부 장님 개그 아이고 부장,
1842,ㅋㅋㅋ나도저흑당샌드위치살까말까고민오지게하다가안샀는데사서함묵어봐야겠네  ㅋㅋ,나도 샌드위치 까말까 고민 오지 하다가안 샀는데 사서함 묵어 봐야겠네,
1843,ㅋㅋㅋㅋㅋㅋ현실러ㅠㅠㅋㅋㅋ레블님이맛있다고하면진짜맛있는,실러 레블 맛있다고하면 진짜 맛있는,
1844,배고플때만  올리시는  ㅠㅠㅠㅠㅠㅠ근데왜항상흘리고드세욬ㅋㅋㅋㅋㅋㅋㅋㅋㅋ먼가귀엽기도,배고플 올리시는 항상 흘리고 드세 먼가 엽기,
1845,어ㅠ이거지에스갈때봤었는데 ㅎㅎ궁금했던거리뷰해줘서좋아요  흑당샌드가의외로맛있나보네요ㅎㅎ    옛날사람은울고가요,에스 봤었는데 궁금했던거 리뷰 해줘서 좋아요 샌드 맛있나 보네요 옛날 사람 가요,
1846,아배고픈참이었는데   ㅠㅠ라면물올리러갑니다,배고픈 참이었는데 라면 올리러 갑니다,
1847,헐저짜파게티사먹으려고계속보고있었는데리뷰해주셨네요 큰차이없다니까그럼저는패스으  ㅋㅋㅋ,짜파게티 사먹으려고 계속 보고있었는데 리뷰 해주셨네요 차이 없다니까 그럼 패스,
1848,레블님젓가락질알려드려야겟어옅ㅋㅋㅋㅋㅋㅋㅋ,레블 젓가락 알려 드려야겟어,
1849,지금부터끈어지지않는짜파게티쇼,지금 끈어지지 않는 짜파게티,
1850,저희동네 s  에는아무리찾아도없는트러플짜파게티ㅠㅠㅠ,저희 동네 찾아도 없는 트러플 짜파게티,
1851,역시짜파게리는물버려서볶음면처럼먹어야 맛잘알ㅎㅎ,역시 파게리 버려서 볶음 처럼 먹어야 잘알,
1852,오늘은알람뜨자마자바로왔어요ㅎ흑당샌드위치먹어보고싶네요저도단거별로안좋아하는데떡이들었다니뭔가식감이신기할거같아요,오늘 알람 뜨자마자 바로 왔어요 샌드위치 먹어 보고싶네요 단거 별로 안좋아하는데 들었다니 가식 신기할거 같아요,
1853,아이라인그릴때잘채워주세요   아님빛때문인가 안그래도아이라인너무두꺼운거같은데중간에만밝아서비어보이는거같아요ㅠㅠ속상속상,아이라인 그릴 채워주세요 아님 때문 그래도 아이라인 두꺼운거 같은데 중간 밝아서 비어 보이는거 같아요 상속,
1854,이거보고라면먹으러갑니다,보고 라면 먹으러 갑니다,
1855,씨유알바했었는데둘다씨유에도있었어요  흑당샌드위치는팔렸는지아닌지모르겠지만요,씨유 알바 했었는데 둘다 씨유 있었어요 샌드위치 팔렸는지 아닌지 모르겠지만,
1856,리뷰는   인사는,리뷰 인사,
1857,반가워요ㅡ진도에서 토종닭농장을하고있네요  응원하러왔네요ㅡ좋은씨앗뿌려서  풍년드세요        또봐요,반가워요 진도 토종닭 농장 하고있네요 응원 하러 왔네요 좋은 씨앗 뿌려서 풍년 드세요 봐요,
1858,평소엔한젓가락에호로록했을텐데카메라돌아가는거생각나서몇번끊어먹었군요     고생했어요,평소 젓가락 했을텐데 카메라 돌아가는거 생각나서 몇번 끊어 먹었군요 고생 했어요,
1859,정보 컵짜파게티는물을안버리게되어잇다 농담아님진짜임조리예에나와잇음,정보 짜파게티 물을안 버리게 되어 잇다 농담 아님진 짜임 조리 에나 잇음,
1860,레블님맛있게드세요,레블 맛있게 드세요,
1861,레뇽  오오옷,레뇽 오옷,
1862,라이브방송해주세요,라이브 방송 해주세요,
1864,트러플오일맛볼때왤케웃기죸ㅋㅋㅋ,트러플 오일 맛볼 케웃기죸,
1865,ㅋㅋㅋㅋ홍동이님때매짜파게티먹고싶어졌내오ㅎ,동이 짜파게티 먹고싶어졌내오,
1866,트러플오일응용한요리또해주세요,트러플 응용 요리 해주세요,
1867,요리실력의문제아닐까요 왜바나나맛이,요리실 문제 아닐까 바나나,
1868,화사의트러플짜파게티는컵라면입니다,화사 트러플 짜파게티 컵라면 입니다,
1869,정말넘보원이다,정말 보원,
1870,이분들오이에미친사람들인가요,이분 오이 미친 사람,
1871,이겐뭐지,이겐뭐,
1872,짜파게티오늘다뒤졌다ㄹㅇ,짜파게티 오늘 뒤졌다,
1873,오늘각이다,오늘,
1874,트레비에서얼마줘요,레비 얼마 줘요,
1875,마치급하게야식이땡긴지금나의소울을대변해주는듯한영상이다,마치 급하게야 식이 땡긴 지금 소울 대변 해주는듯 영상,
1876,밥도둑은어디감,도둑 어디,
1877,라면에트러플오일이라,라면 트러플 오일,
1878,오빠화이팅,오빠 화이팅,
1879,스포주의   차크리의라면순위 등 트러플오일짜파게티 등 마라탕면 등 삼계탕면,스포 주의 크리 라면 순위 트러플 짜파게티 마라 삼계탕,
1880,트러플짜빠게티궁금하네용ㅎㅎ,트러플 궁금하네용,
1881,먹방하는데안부르다니,먹방 하는데안 부르다니,
1882,하아아아세개너무먹어보고싶엇는데   선댓글후감상하겟습니다,하아 아아 먹어 보고싶 는데 댓글 감상 겟습,
1883,이거보고편의점가고있습니다,보고 편의점 가고있습니다,
1887,짜파게티향이강해서트러플향이묻힌다는게문제군요 저도먹었을때그런느낌이었는데     얼굴이너무잘생기셔서짜파게티에집중을잘못하겠네요 너무멋있으세요 자주찾아뵐게요,짜파게티 강해서 트러플 묻힌다는게 문제 먹었을 그런 느낌 이었는데 얼굴 잘생기셔서 짜파게티 집중 잘못 하겠네요 멋있으세요 자주 찾아 뵐게요,
1888,한동안짜파게티에트러플오일넣으면맛있다구유행했는데결국짜파게티에서트러플맛을출시했나봐여  근데함량이진짜작네요ㅎㅎ,짜파게티 트러플 오일 넣으면 맛있다구 유행 했는데 짜파게티 트러플 출시 했나 봐여 함량 진짜 작네요,
1889,사실다른리뷰영상도봤지만원백님얼굴보러들어옴   그런분들분명히있으실거야나말고도   원백님펌하신건가요  뭔가복슬복실귀여워ㅠㅠㅠㅠㅠㅠ,사실 다른 리뷰 영상 지만원 얼굴 보러 들어옴 그런 분명히있으실거야나말고도 건가 가복 슬복실 귀여워,
1890,저만그렇게느낀게아니였군요ㅋㅋㅋ저도이거먹어보고   차라리그냥짜파게티먹겠는데싶더라구요ㅋㅋㅋㅋㅋ,느낀게 아니였군요 먹어 보고 차라리 그냥 짜파게티 먹겠는데싶더라구요,
1891,저봉지던지시고   다시주섬주섬주으셨죠 ㅎㅎㅎㅎㅎㅎㅎ              장난하나     티도안나겠어요 향나 향나 향나 그향이 초컷인가요   ㅎㅎㅎ,봉지 던지시고 다시 주섬주섬 주으셨죠 장난 하나 도안 나겠어요 초컷,
1892,작은부엌님도이거드셨군용 ㅎㅎ요즘요게핫하네용,작은 부엌 거드셨 군용 요즘 요게 하네용,
1893,함량진짜실화인가요ㅎㅎㅎㅎㅎ,함량 진짜 실화,
1894,놀러옴도깨비에서그저승사자닮으심,놀러 도깨비 저승사자 닮으,
1895,요즘트러플오일짜파게티가나오는군요 ㅎㅎ리뷰잘보고갑니다,요즘 트러플 짜파게티 나오는군요 리뷰 보고 갑니다,
1896,저이거넘궁금했었는데  좋은영상감사합니다,궁금했었는데 좋은 영상 감사합니다,
1897,짜느님  트러플짜파게티오늘저녁에먹어봐야겠어요,느님 트러플 짜파게티 오늘 저녁 먹어 봐야겠어요,
1898,안먹어봤는데     에도향이살짝느껴지긴하는군요맛이궁금해집니다,먹어 봤는데 살짝 느껴지긴 하는군요 궁금해 집니다,
1899,아  저도짜파게티먹고싶어요 트러플은어떨지영상보니까더궁금해지는데용  저도해먹어봐야겠어요,짜파게티 먹고싶어요 트러플 어떨 상보 궁금해지는데 도해 먹어 봐야겠어요,
1900,저랑비슷하시네요힘내시라고 종세트입니다      제영상도놀러오세요자주뵈요,비슷하시네요 힘내시라고 세트 입니다 영상 놀러 오세요 자주 뵈요,
1901,원빽님 짜파게티를코로흡입해서먹으면트러플향을제대로느낄수있지않을까합니다 도움이되셨으면좋아요부탁드릴께요,짜파게티 코로 흡입 해서 먹으면 트러플 을제 느낄수있지 않을까 합니다 도움 되셨으면 좋아요 부탁드릴께요,
1902,저거얼마에요,얼마,
1903,목소리성우인줄,목소리 성우,
1904,첫촬영이라어색하고부족한부분이많았습니다ㅠ 그렇지만부족하다는건앞으로더나아갈킹능성이있다는얘기겠지요   저희가성장하는모습을옆에서지켜봐주시면너무나도감사할것같습니다   앞으로도잘부탁드립니다,첫촬영 어색하고 부족한 부분 많았습니다 그렇지만 부족하다는건 나아갈 능성 있다는 얘기 겠지요 저희 가성 장하는 모습 지켜봐주시면 감사할것 같습니다 부탁드립니다,
1905,마지막무한인사졸귀네요ㅋㅋㅋㅋ,마지막 무한 인사,
1906,장코님은턱받이리뷰가시급해보이네요ㅎㅎ좋은리뷰감사합니다,장코 리뷰 시급해 보이네요 좋은 리뷰 감사합니다,
1907,저게맛있나요 저는그닥,맛있나요,
1908,재밋게잘봤습니다   황금올리브순살리뷰좀해주세용,재밋 봤습니다 황금 올리브 리뷰 해주세용,
1909,짜파게티먹고싶네요이영상보니까ㅎㅎ신상품가장빠르게올려주시나요,짜파게티 먹고싶네요 상보 상품 가장 빠르게 올려주시나요,
1910,인트로가언제부터없어졌진   오늘소리가약간작아진거같아오ㅠㅠ,인트 언제 없어졌진 오늘 소리 가약 작아진거 같아오,
1912,하나에너무비싼거아닌가요ㅠㅠㅠ,하나 비싼거 아닌가요,
1913,스까묵자해주세요 그거기다리고있어요ㅜㅠㅠ,묵자 해주세요 그거 기다리고있어요,
1914,짜장면영상다보는즁이에여파김치로다시올려두세여,짜장면 보는 파김치 시올 두세여,
1915,저도한번먹어봐야겠네용,한번 먹어 봐야 겠네용,
1916,화채먹방해주세요오잇ㅠㅠ,화채 먹방 해주세요,
1917,영상퀄대박이네용   드시면서중간중간카메라보면서얘기해주시면뭔가소통하는느낌이날것같아요,영상 대박 드시면서 중간 중간 카메라 보면서 얘기 해주시 뭔가 소통 느낌 날것 같아요,
1918,남자라면짜빠게티그정도는먹어야죠  굿입니다,남자라면 정도 먹어야죠 입니다,
1919,잘보고있어요화이팅,보고있어요 화이팅,
1920,컨셉은좋은데대사가너무없어서지루함요,컨셉 좋은데 대사 없어서 지루함,
1921,화사가먹을때먹어보고싶었는데이렇게간편하게나왔네요 저두한번따라사먹어봐야겠어요,화사 먹을 먹어 보고싶었는데 간편하게 나왔네요 한번 따라 사먹어 봐야겠어요,
1922,저도저녁에쩝호 로 록  호 록,저녁,
1923,요리님 안녕하세요  아직 트러플오일을안먹어봤지만ㅎ트러플짜파게티 맛있겠어요 좋은하루보내세요,요리 안녕하세요 트러플 오일 먹어 봤지만 트러플 짜파게티 맛있겠어요 좋은 하루 보내세요,
1925,트러플짜파게티맛있겠네요 파는곳이안보여서포기를했는데다시한번찾아봐야겠네요,트러플 짜파게티 맛있겠네요 파는 안보 포기 했는데다 시한 찾아봐야겠네요,
1926,아직안먹어봤는데 맛이궁금하네요,먹어 봤는데 궁금하네요,
1927,맛은어떠셨나요  저는저번에먹어봤는데  트러플첨가를크게못느껴서   그냥짜파게티사먹으려구요,어떠셨나요 저번 먹어 봤는데 트러플 첨가 크게 느껴서 그냥 짜파게티 사먹으려,
1928,트러플짜파게티안먹어봤는데더맛있겠죠 ㅎㅎ김치랑같이말아서   맛있겠당,트러플 짜파게티 먹어 봤는데 맛있겠죠 김치 같이말아서 맛있겠당,
1930,안녕하세요 오늘은저번에실패한트러플짜파게티다시한번도전해봤습니다 다행히이번엔성공은했습니다하지만다음부터는짜파게티를그냥먹는걸로하겠습니다 개인적인맛취향으로는아닌거같더라고요ㅎㅎ그럼오늘도영상시청해주셔서감사합니다 다음주에봐요쭌,안녕하세요 오늘 저번 실패한 트러플 짜파게티 다시 한번 도전 해봤습니다 다행히 이번 성공 했습니다 하지만 다음 짜파게티 그냥 는걸 하겠습니다 개인 취향 아닌거 같더라고요 그럼 오늘 영상 시청 해주셔서 감사합니다 다음주 봐요,
1931,달걀후라이가제대로에요     ㅋㅋ보니까배고프네여짜파게티ㅜㅠㅠ,달걀후라이 제대로 배고프 짜파게티,
1932,ㅋㅋㅋㅋㅋㅋㅋㅋ맛있게따트러플맛있ㄴ는데ㅠㅡㅠ,맛있게 트러플 맛있,
1933,우와ㅋㅋ느끼하지는않나요   ㅋㅋㅋ한번먹어봐야겠어욤ㅋㅋㅋㅋ,우와 느끼하지는 않나요 한번 먹어 봐야겠어,
1934,밤에보니배고픔,에보니 배고픔,
1935,흐엉이거어디서구해야하지ㅠㅠㅠㅠ,흐엉 구해 야하지,
1936,초토리님언니표김밥은어떻게하면먹을수있죠    전해주세요,토리 김밥 어떻 먹을수있죠 해주세요,
1937,초토리님영상보고바로구매했습니다,토리 상보 바로 구매 했습니다,
1938,먹음직스러워요,먹음 스러워요,
1939,몇개드시는건가요,몇개 드시는건 가요,
1941,s       s               먹었던짜파게티중에젤맛있었어요 황제돌산갓김치도처음먹어봤는데짱  좋아요와댓글은큰힘이됩니다     s        s  s                                                 s,먹었던 짜파게티 맛있었어요 황제 돌산 갓김치 처음 먹어 봤는데 좋아요 댓글 됩니다,
1954,아계란후라이왜저렇게먹어,계란후라이 먹어,
1956,s짜파게티            계란후라이          갓김치,짜파게티 계란후라이 갓김치,
1978,보통짜파게티랑파김치를많이먹는데재열님은갓김칰ㅋㅋㅋㅋㅋㅋㅋ왠지끌린다  파김치보다끌린다맛있겠다,보통 짜파게티 파김치 먹는데 재열 갓김칰 끌린다 파김치 끌린다 맛있겠다,
1980,엥ㅋㅋ여수란단어를여기서보게될줄이야   여수사람이지만갓김치하나는인정합니다콩국수랑같이먹어도대박맛잇어요   오늘도영상잘보고갑니다,수란 단어 여기 보게 될줄이야 사람 갓김치 하나 인정 합니다 콩국수 먹어도 대박 잇어요 오늘 영상 보고 갑니다,
1984,달걀먹는거귀엽네증말ㅋㅋㅋㅋ,달걀 먹는거 귀엽 증말,
1993,꺄 짜파게티잖아ㅋ내가제일좋아하는거  재열띠고마워유,짜파게티 잖아 가제 좋아하는거 재열 고마워,
1997,휜쌀밥에갓김치올려서한입먹으면    하진짜완전맛있는데,쌀밥 갓김치 올려서 먹으면 하진 완전 맛있는데,
2013,알싸 해서돌산갓김치맛있죠ㅎㅎㅎ,해서 돌산 갓김치 맛있죠,
2018,트러플오일짜파게티군요ㅎㅎ화사님께서한게이렇게까지상품으로나오다니놀라워요,트러플 짜파게티 화사 상품 오다니 놀라워요,
2020,와우소리너무좋네요 너무너무맛있어보이네요ㅎㅎ짜파게티는많이먹어봤는데한정판트러플은무슨맛일지기대됩니다 한수배우고갑니다 좋아요누르고갈게요,와우 소리 좋네요 맛있어 보이네요 짜파게티 먹어 봤는데 한정판 트러플 무슨 지기 됩니다 한수 배우고 갑니다 좋아요 누르고 갈게요,
2023,구독좋아요 큰힘이됌니다,구독 좋아요 됌니다,
2025,화사짜파게티로유행하던걸  아예컵라면으로만들어버린짜파게티,화사 짜파게티 유행 하던 아예 컵라면 들어 버린 짜파게티,
2026,맛있겠다,맛있겠다,
2039,돌산갓김치조합지렸다,돌산 갓김치 조합 지렸다,
2044,한정판트러플짜파벅티에돌산갓김치라니  조합최고네용 트러플이들어가서맛도좋고너무좋더라구용,한정판 트러플 파벅티 돌산 갓김치 조합 최고 트러플 들어가서 좋고 좋더라,
2053,하진짜개맛있겠다,하진 짜개 맛있겠다,
2062,s            배가고프면좋아,고프면 좋아,
2065,썸네일유디티님이랑비슷하네요,썸네일 유디티 비슷하네요,
2072,아는맛이라더괴롭다ㅠㅠㅠㅠㅠ이번거진짜대박,아는 괴롭다 이번 진짜 대박,
2073,안녕하새요,안녕하,
2075,s     사랑해요,사랑 해요,
2076,왠지저계란후라이   구멍 개짜리후라이팬에구운거같지   ㅋㅋㅋㅋ,계란후라이 구멍 짜리 후라이팬 에구 운거 같지,
2077,s짜파게티            달걀후라이          갓김치s          ㅠㅠ,짜파게티 달걀후라이 갓김치,
2088,썸넬유디티같당ㅋㅋㅋ,썸넬 유디티 같당,
2095,ㅎ놏ㄴㄹㄴㄹㄴㅎㅊㄴ호뉺ㅍㄴㄴㄴㄹ노낲ㅇㅎ오ㅓㅇㅍㅇㅎ옻ㅇㅎㄴㅎㅍㄴㅎ노머ㅠㄴㅍ엎ㅇㅊㅇㅍㅇㅍㅎㅇㅊ오ㅓㄴㅍ노ㅗㄴㅍ유어ㅗㅇㅍㅎㅇㅍㅇㅍㅇㅍㅍㅇㅍ높ㄴㅊㄴㄹㅊㄴㅍ노ㅓㅓㄴㅍㅇㅍㅇㅎㅎㄴ,호뉺 노낲 노머,
2096,역시라면영상이가장끌리죠,역시라면 영상 가장 끌리죠,
2098,돌산갓김치맛있죠 사실여수사람이라ㅋㅋㅋㅋㅋ,돌산 갓김치 맛있죠 사실 사람,
2099,짜파구리먹는소리가군침을돋우네요,짜파구리 먹는 소리 군침 돋우네요,
2100,귀여우심,여우,
2101,너무배고파,배고파,
2107,재열띠     영상은필히이어폰끼고들어야겠어요  소리가아 주귀를간질 간질 입안에너침이꼴깍     ㅋ오늘도풀영상에좋아요로달려봅니당,재열 영상 필히 이어폰 들어야겠어요 리가 주귀 간질 간질 입안 꼴깍 오늘 영상 좋아 요로 달려 봅니당,
2109,우리동네엔안나와ㅠ트러플ㅠ,우리동네 안나 트러플,
2112,이분은살이안찌네부럽다,이분 살이 찌네 부럽다,
2116,새벽에     와우,새벽 와우,
2126,나도오늘짜파게티먹어야지,나도 오늘 짜파게티 먹어야지,
2134,어머저갓김치에완전군침확,어머 갓김치 완전 군침,
2137,새벽에괜히봐쓰,새벽,
2140,으어  방금밥먹었는데또패고파   역시돼지다운인생,으어 방금 먹었는데 또패 고파 역시 돼지 다운 인생,
2143,지금밤     인데이거보니까배고파요  다이어트해야하는데ㅠㅠㅠㅠ,지금 인데이거 배고파요 다이어트 해야하는데,
2144,트러플짜파게티는어떤맛인지한번먹어보고싶네요   좋은영상잘봤습니다 다음에도좋은영상부탁해요,트러플 짜파게티 어떤 한번 먹어 보고싶네요 좋은 영상 봤습니다 다음 좋은 상부 탁해요,
2149,흐이이이이익썸네일보고놀라서들어왔어요오늘도소리가정말좋네요,이이이 이익 썸네일 보고 놀라서 들어왔어요 오늘 소리 정말 좋네요,
2150,오대박  빠,대박,
2155,헐군침이막도네요ㅎㅎ갓김치가저렇게생긴거군요오호짜파게티진짜먹고싶었는데재열님이대신드셔주시네욬ㅋㅋㅋ,군침 막도네요 갓김치 생긴거군요 오호 짜파게티 진짜 먹고싶었는데 재열 대신 드셔주시네,
2160,먹토 거식증아니길바래요  파이팅,거식증 아니길 파이팅,
2165,가서뺏어먹고싶다,가서 뺏어 먹고싶다,
2170,다음에는좀촉촉하게카메라에나오게해주세욤ㅎㅎ,다음 촉촉하게 카메라 오게 해주세,
2171,삼키실때꽉꽉  왠오리소리가이리자주 오늘영상에유난히크고신경쓰이네요,삼키실 오리 소리 자주 오늘 영상 크고 신경 쓰이네요,
2181,혹시먹토는안하죠,혹시 안하죠,
2184,썸넬이랑미리보기가유디티님이앙비슷해보이는데,썸넬 미리보기 유디티 비슷해 보이는데,
2187,나는너를사랑해,사랑,
2189,ㅜ먀ㅠ뇨ㅗ자ㅑ너ㅜㅝ여돠ㅣㅔㄴ ㅜ느ㅗ너ㅡ더ㅓㅓ눈ㅡ나너누드여ㅕ누 ㅏ너두더여누누뎌두ㅗ무ㅡ투툐ㅠㅜ자재 ㅓㅕ도ㅜ트탸ㅑㅓ댜 ㄴ  ㅓㅓ  ㅕ눈 ㅝ트ㅏㅌ,여돠 누드 누누 투툐 자재 트탸,
2190,트러플짜파게티맛있겠다,트러플 짜파게티 맛있겠다,
2192,드셨던짜파게티중에최고라니저두당장먹어봐야겠어요,드셨던 짜파게티 최고 당장 먹어 봐야겠어요,
2195,맛있겠다,맛있겠다,
2197,한자다,한자,
2206,요리하는거좋아하세요,요리 하는거 좋아하세요,
2213,맜있겠다 나짜장면좋아하는데,있겠다 짜장면 좋아하는데,
2218,인사또하나증가,인사 하나 증가,
2222,너는잘먹는다,먹는다,
2226,진짜맛있겠다못참아,진짜 맛있겠다못 참아,
2233,흠맛이어때,흠맛 어때,
2236,약간블랫넛닮으심,약간 블랫넛 닮으,
2256,너는너무많이먹는다,먹는다,
2265,다이어트중인데      먹고싶다,다이어트 먹고싶다,
2273,인사가늘었네요,인사 가늘었네요,
2275,앗저계란후라이는  분명모양이똥그랗게잡힌프라이펜에했을예정땅땅,계란후라이 분명 모양 잡힌 프라이 했을 예정 땅땅,
2276,어떻게그렇게을        자 붕괴 근데없어,어떻게 붕괴 없어,
2295,러시아말도해주세요,러시 아말도 해주세요,
2297,못먹을땐앞으로버리기,먹을 땐앞 버리기,
2304,이렇게많이먹는데왜살이안찌세요,먹는데 살이 찌세요,
2310,잘생겼다,잘생겼다,
2346,은근대식가시네,은근 대식 가시,
2363,좀먹을만큼만해라항상음식남기고먹여주는거하면서다버리네에효아까운줄알아야지,먹을만큼만 항상 음식 남기고 먹여주는거하면 서다 버리네 아까운줄 알아야지,
2378,먹고싶다,먹고싶다,
2386,먹기싫으면맨날우리주더라당신    저거다버리는건아니지  하아까워먹고싶다,먹기 싫으면 우리 주더 당신 버리는건 아니지 아까워 먹고싶다,
2391,s                      s        s                s              친척                         s,친척,
2415,그래도통연어때보다는요각도가훨 씬나은것같습니다ㅎㅎ 통연어때는피아노위에   가넘나많았어요      보는제가다불편했네요ㅎㅎ좋아요누르고갑니다힘내세용,그래도 통연어 각도 씬 나은 같습니다 연어 피아노 너무나 많았어요 보는 가다 불편했네요 좋아요 누르고 갑니다 힘내세요,
