,Comments
0,솔직히먹어봤는데트러플을접해보지못한일반인인나는차이를느끼지못했다...😶
1,이거화사때문에출시된거네ㅋㅋㅋ
2,그냥짜파게티에달걀후라이가젤맛있음
3,김발어디갔는데!!!!!!!!!!!!!!!컵라면엔김발인데!!!!!!!!!!!!!!김발어디갔냐구요옷!!!힝ㅠㅠ
4,5:43~5:48오늘자하이라이트입니다ㅋㅋㅋㅋㅋ
5,저는짜파게티맛이예전맛이안나는거같아서항상아쉬웠었는데트러플소스들어가고나서옜날어릴적먹던짜파게티맛이느껴져서너무너무너무너무너무!!!!!!!좋았어요!!!!!!!!!ㅠㅠ
6,일반짜파게티컵라면이랑트러플짜파게티컵라면이랑제조방법달라요!!이거완전중요뽀인트인디!!
7,오..컵라면뚜껑에젓가락끼워놓을수있는곳이있는줄몰랐네요ㅋㅋㅋ완전꿀팁이네요근데트러플오일0.001%는뭐지ㅋㅋㅋㅋ제조할때송로버섯담궜다뺐나ㅋㅋㅋㅋ
8,트러플12개모아서한개에넣어서먹오봐요
9,젓가락구멍있는거옛날부터원래있었나요....?왜저는11년간몰랐죠...?
10,"솔직한리뷰잘봤구요,그냥트러플오일하나사서두어방울뿌려먹는게낫겠지싶네요.대세에동참해서평점좋은트러플오일을짜장라면해먹을때마다넣어봤는데soso...기회되시면마라탕도해주세요.Thankyou!👍😍😘🐙🦀"
11,먹어봤는데그냥...호기심에한번먹어봄직한맛이고두번은안사먹을맛임.
12,진짜트러플이무슨맛인지는모르겠지만난개인적으로맛있음
13,형이벤트성쓸고라면어떠십니까짜파게티기존쓸고라면레시피적용하되라면만짜파게티에서컵트러플짜파게티로해서비교체험!
14,6:29짜파게티와첫키스
15,진짜표정에서아쉬움이엄청묻어나오시네요ㅋㅋ
16,짜파게티에구멍이없는이유:국물따라버리는라면이아니고국물이랑같이먹는라면류라는것그래서짜파게티용기안에는물표기선이존재
17,오일도저렴이니트러플향도그닥인데...그나마있던향도 짜장에묻혀일반이랑 큰차이가없드라구요
18,나는그냥맛이없었다...ㅠㅠㅠㅜ
19,맛없어요올리브오일과별차이없음
20,전자렌지돌려드시면나름향이오래가요.물은유탕면이반쯤잠기게넣고분말스프넣고전자렌지2분돌리시고마지막에트러플오일넣으면향과맛이조금오래가더라구요
21,이거분명히이벤트때장난으로투표해서트러플이된거같은데진짜로만들었넼ㅋㅋㅋㅋ
22,아니오늘따라소프님왤케흥분했어요ㅋㅋㅋㅋ완전흥분상태이신게보인닼ㅋㅋㅋㅋ
23,다른리뷰보고꽤똑같대서먹어봤는데그냥트러플짜파게티체험판같은느낌이였어요ㅋㅋ계란노른자넣으면진짜똑같다는데궁금하네여
24,제품보자마자화사가떠올랐..ㅎㅎ
25,먹어보고싶다
26,먹으면서봤는데딱어떤느낌이냐면'봐라!트러플맞지?향나지?'이런느낌...저것때매막맛있어지는건아니고트러플이라는맛을느껴보고싶으면한번먹어볼만한?개인적으로그냥짜파게티컵라면이훨씬맛있어요....
27,이런리뷰소소하지만진짜유익한듯..ㅋㅋ
28,6:29첫입
29,송로버섯그냥콕찍었다가뺀듯...ㅋㅋㅋㅋㅋ
30,ㅋㅋㅋ저거후첨오일만모아서다른요리에활용안되나요?
31,일반짜파게티랑비슷해보이는데한번쯤맛보고싶네요ㅋㅋ오늘도잘봤습니다^_^
32,쓸고라면해주세요ㅋㅋ
33,고급짜파게티네요트러플오일맛첨가돼어더맛나겠어요~
34,6:11형머리카락도같이날아가.......
35,랍스타라면같은느낌이네...ㅋㅋㅋ
36,편돌이임.다들공감하시겠지만이거먹을바엔사천짜파게티막음우리매장에서트러플짜1600일반짜1150사천짜1600사천은450원더주고먹을만한데트러플은ㄴㄴ
37,와우...!
38,오호...짜파게티엄청조아하는데
39,"지금먹고있는데,개인적으론담백하고맛있어용!!!^^"
40,SendingsupportfromtheUSA😊
41,트러플짜파게티로쓸고라면한번해주세요
42,아.....샀는데......아.......좀만더...아...
43,제가투표했던그트러플짜장면이나왔네요.ㅎㅎ궁금해서선택했었는데한번먹어봐야겠어요~~~
44,여따트러플갈아서향왕창나게먹어주세요!
45,소프님짜파게티전자레인지2분에!!됩니다
46,요즘짜파게티랑조리법비슷하다고하셨는데요즘짜파게티는물을안버립니다!!
47,와근데원래짜컵은올리브유없는데이겄은트러플오일!
48,ㄴㅏ방금먹었는데..기존꺼보다더느끼하던데..나만그런가..트러플자체를모르지만..
49,혹시짜장분말스프를먼저다비비고오일을그다음에비비면향이더많이나지않을까여?
50,기존짜파게티에는콬콬콬없는데...ㅠㅠ
51,두개끓여서하나는그냥먹고다음꺼에유성스프두개를넣고먹으면....
52,정보감사합니다살가고민했는데
53,후첨트러플소스만모아서트러플요리가가능할지요?ㅎㅎ
54,짜파게티에있는트러플오일만빼서요리해주새요소프님^^
55,소프트한소프님살찐듯
56,"솔직히트러플관련상품을좀이용해봤다면,진짜트러플의함량보다트러플향추출물의함량이높은게향이더진하다는걸알것이기에...한정이라면좀더넣어줄줄알았는데아위워요;ㅅ;"
57,와소프님소름지금동네편의점4군데찾아서겨우사오는길인데영상바로왔네요ㅎ_ㅎ
58,아배고파
59,행보캐
60,ㅋㅋ그냥마트에서트러플오일사놓고먹어야겠어요
61,농심이농심한듯
62,트러플향진짜조금나고맛은안난다고봐도됨
63,트러플향이난다고요!!!
64,협찬은아니죠?ㅋㅋ
65,막재생하고쇼핑몰검색해서장바구니에담고있었는데아무래도한개먹어보고더구매할지말지결정해야겠네요~ㅅㅇ에서삼계탕면도한정판으로나왔다던데같이사봐야겠어요
66,먹어봤는데처음엔트러플향이나다가먹을수록표고버섯향이많이나더라구요
67,0.1%만넣어줬다면좋았을텐데..단가가안맞려나
68,이제라면도고급지네요ㅋㅋ저희는오늘'명란해물파전'준비했어요~!!^^
69,트러플액상을나중에넣으면어떨까요??(스프먼저넣어서물조절하고다비빈다음먹기전에트러플액상추가)
70,6:30형님....오늘따라...정수리가많이비어보입니다......
71,후첨소스를두개넣으면맛있겠네용
72,김발이는어디에..
73,역시믿고거르는농심농심은안먹음ㅋㅋ
74,계란노른자를싹넣어주면더맛있데용
75,원래짜파게티는콕콕곡이없는대..생겼내
76,어?원래짜파게티물안버리고먹는데?조리법동일안해요
77,2:24후첨소스?그런게있군요ㅋㅋㅋㅋ오늘도새로운거알아갑니다ㅋㅋㅋ
78,뚜껑에나무젓가락꿀팁배우고갑니당
79,원래짜파게티좋아하는데이제품은(좋은의미로)풍미가다르더라고요.저는굉장히맛있게먹었어요.한정판이래서좀더사서쟁여두려고요~반숙후라이랑먹었는데오히려노른자가트러플짜파게티의풍미를방해해서따로빼서먹었어요.
80,"컵라면도많은데오일3개를한개에몰빵해서먹어봐요,나머지는안버리고그냥짜파게티해먹으면됨"
81,일반짜파게티컵은물버리는부분이없고버리는게아닌데저건물버리는거네
82,컵라면을봉지라면처럼조리하면괜찮지않을까요...?아니려나...
83,진찌트러플맞아가격이..마진남냐?
84,크러플소스를따로사서뿌려먹는게갑입니가
85,이거끓여먹으면대존맛임
86,저거처음샀을때콕콕콕있는지도모르고과립스프넣어서국물있는짜파게티로먹음..
87,기대하고먹어봤는데저도향이약해서어?뭐지??!!했네요.일반짜파게티+트러플오일조화가더나은것같습니다ㅎ
88,과립스프를다비비고나서후첨을뿌려서먹으면좀더먹으면서느낄수있으려나..
89,알코올로닦으시는거면닦으시지마시고말려야효과가있습니담...
90,짜파게티물버리는거아니어요
91,화사짜파게티
92,만약이게트러플향이라면난다시는트러플안먹을래했는데그게진짜향이었다니....시큼시큼하면서코확찌르는냄새였는데전향기라기보다는냄새라고생각이강하게드네요....ㅠ이게왜3대진미라고하는지모르겠는....
93,맛없음
94,컵라면짜파게티는물안버리잖아요
95,1빠
96,뭔가김길중님살찐버전같다
97,0.001%
98,기존짜파게티가훨씬맛있습니다다신안사먹을라고요드럽게맛없네요
99,"그걸왜먹니,,,,,,,"
100,짜파게티하니깐갑자기궁금한데볶음너구리로짜파구리하면어떤맛이날까요?
101,33
102,짠
103,트러플은호불호가갈리기때문에일부러좀약하게한듯싶네요ㅋㅋㅋㅋㅋ저같앗으면트러플오일더뿌려서먹엇을거같습니다ㅋㅋㅋㅋ
104,짜장분말다비비고위에오일을뿌려서슥먹는것도괜찮겠네융
105,기존짜파게티는스프넣고비벼먹는게아니지않나요?
106,아쉽다한개먹고한개더먹으면서후첨소스만한개에두개넣어봤으면
107,"난지금먹으면서""향은다른데?ㅇ?뭐지""ㅊ그러면서다시한입먹으니식감은같은데계속맛이좀다르다가그냥짜파게티군아..함"
108,"쫌퀘퀘한그런냄새우리집식구들은다싫어하는데이구동성으로하는말은""참기름이훨낫다""ㅋㅋㅋ"
109,일반짜파게티에는콕콕콕시스템이없다
110,2
111,일반인들짜파게티트러플향이나맛은잘못느낄것같다.ㅎㅎㅎㅎ
112,ㅅ
113,차라리2개를따로끓여서하나는후첨스프2개넣어서먹고나머지하나는그냥짜파게티로즐기면될듯??ㅋㅋㅋ
114,기존짜파게티컵라면은콕콕콕부분이없고젓가락넣어두는곳도없습니다.제가몇일전에먹어본기억으로는그런거같습니다
115,소프님엄니가이번주토요일생일인데요리하는제가어떻게해야할지가남이안되네요...
116,믿고보는소프님리뷰우
117,나만트리플짜파게티로봄?
118,트러플짜파게티조리법이면익으면스프넣어서비벼먹는거면일반짜파게티랑조리법이다릅니다일반짜파게티는스프넣은상태에서물넣고비벼먹는거라약간다릅니다
119,우와화사효과쩔탱
120,노노재팬ㅎㅎ
121,화사가또오~!
122,개오바질이야ㅋㅋㅋ
123,Bbq도당황하게만든홍사운드님짱짱맨!!!
124,소프님애청자입니다요새같은상황에굳이일본관련제품은좀안타깝네요하지만앞으로는좋은컨텐츠응원합니다
125,라면도똑같을지는모르겠지만원래춘장자체가맛이워낙에강하기때문에다른맛들을많이가리기때문에아무리좋은재료를넣고이것저것해봐도짜장은결국거의짜장맛을벗어나기가쉽지가않습니다.굴소스도넣고여타다른소스넣고해봤는데결국에는소금미원설탕맛이랑크게벗어나질않습니다.근데트러플..이라..니..ㅋㅋ그냥어그로네요.ㅎㅎ금새망할듯
126,오뚜기였으면?!
127,혹시후첨스프의향을다른요리에넣었을때일반트러흘오일처럼향을쓸수있을까요?트러플오일하고차이가얼마나나는지궁금합니다
128,트럼프짜파게티
129,"소프님방송개인적으로너무좋아하는방송이지만,이시기에롯데계열사인농심껄리뷰하는건짧은생각으로는참안좋아보이네요...."
130,라면에다가프리미엄화좀안시켰으면좋겠다제발..
131,"저도신제품나오고먹어봤는데음,,,두개가격이면세개짜파게티를먹어야겠다싶었습니다ㅠ입맛이저렴한가봐요ㅠ그리고이제시작한하꼬유튜브로써소프님영상자주보고많이배웁니다"
132,아오랜만에보는데왜케살이쪘어요
133,농심제품은불매라먹어보진않을듯합니다.
134,참고로편의점기준으로트러플짜파게티는개당1600원으로일반짜파게티컵보다450원더비싸답니다
135,1
136,농심이그렇죠뭐
137,농심전범기업이랑손잡았다고나오던데
138,아니물버리는거아니에요아직도먹는방법을모르시는분이계실줄이야
139,향을극대화하려면과립스프넣고비빈후에별첨소스를맨마지막에넣고코팅하는느낌으로비벼서드셔보세요^^
140,"먹는방법알려드림1.친구와트러플짜파게티를산다.2.서로가위바위보를해서이긴사람에게트러플몰아준다.3.한짜파게티에오일3개부어서진:트러플짜파게티를만든다.4.짜파게티가3개가있을것이다.진:짜파게티를친구들에게한입씩주고친구들짜파게티한입씩가져온다.5.친구들짜파게티를먹고나서진:짜파게티를즐긴다.(주의사항),친구들이한입먹고뺏어먹으려고젓가락으로존시나게찌를것이다.난무빙치면서빨리먹는다.내경험담이다."
141,농심은믿고거름
142,어짜피시중에나와있는2~3만원짜리트러플오일도가짜인데고작2000원도안되는가격의라면에들어갔다면향이오래갈거란기대를하는게잘못이죠ㅎ그냥이런게있구나하는정도ㅎ
143,추출물이란걸0.001프로넣어도이름지어서팔아먹을수있구나..일반싸구려버섯에0.001프로넣어서트러플버섯이라고팔아먹어야돼겠네요좋은아이템감사합니다.
144,트러플을트러블로봤네...먹고트러블이라도생긴다는줄알았네...
145,농심짜파게티...다른짜장라면에비해물버리는거없이졸이면서면에배는장식같은데...컵라면면삶고추첨양념은아닐꺼같아요
146,형님볼때마다튀어나온턱주가리쳐서넣어주고싶네요
147,"유투버들왜이리일본기업을못써서안달입니까...먹방유투버라그딴거신경안써도되지뭐인거같은데....좀실망입니다.3년구독자인데,강요는아니지만조심은하셨어야죠"
148,농심은일본회사인데
149,일본불매하는시기에농심은쫌
150,어우사람들농심이라고겁나뭐라그러네..농심불매해봤자애꿎은농심직원들만피해입을뿐임..경제는위축되고!우리나라의경제를책임지는대기업중하나인농심을불매한다는건진짜이해가안가네요..그리고갠적으로일본이괘씸하다느껴져서불매한다는걸내가감놔라배놔라할순없는데우리나라의외교와경제를위해서는불매는전~혀도움이되지않는다는걸알아두셨으면좋겠네요..
0,농심관계자여러분맛나는라면좀개발해주새여
1,짜파게티는역시옛날리즈시절맛이최고같아요^^
2,1:12ㅋㅋㅋㅋㅋㅋㅋㅋㅋㅋㅋㅋㅋㅋㅋㅋㅋㅋㅋㅋㅋㅋㅋㅋㅋㅋㅋㅋㅋㅋㅋㅋㅋㅋㅋㅋㅋㅋㅋㅋㅋㅋㅋㅋㅋㅋㅋㅋㅋㅋ자연스럽게어이없고또자연스러워서내가뭔말하는지도모르겠고걍보다가처웃었네
3,사먹어볼라다가말았는데다행이네요
4,난형방송이진짜좋아
5,화사:뿌듯..ㅋㅋㅋㅋ
6,마지막인사너무새침해졌어형..
7,우리가아는그맛!!!....😭😭😭기대햇거늘...
8,역시짜파게티컵은후레이크다빼고킹갓레인지3분이진리...씨유가서행사상품이나집어와야지ㅎ
9,고물찡영상오랜만에본다ㅠㅠㅠㅠ저취직해서직장에서죽어가고있슴다ㅠㅠ살려줘....
10,ㅋㅋㅋㅋㅋ고물님넘재밌어요사랑해요!!!ㅋㅋ
11,오완전궁금해서먹어볼까했는데딱올려주시넹대박ㅠㅠ
12,고물님후기기다렸어요!아직주변마트에서못봤는데..그냥트러플오일사서먹을래요ㅎㅎ
13,헉전진짜맛있었는데ㅠㅠ
14,몇일전에짜파게티먹으면서궁금했었는데리뷰를해주셨네용!저도트러플오일은잘모르지면고물님말씀대로민생라면같은걸하나더사먹겠습니다!ㅋ오늘도짭조름한(??)리뷰감사합니다고물님!
15,진짜솔직하게리뷰해주셔서믿고보네융😎🤟
16,우와정말리뷰해주셔서감사합니당짱짱👍
17,알렉스ㅇㅈㅋㅋㅋㅋㅋㅋㅋㅋㅋㅋㅋㅋ화분드립무엇ㅋㅋㅋㅋㅋㅋㅋ
18,그냥집에서트러플오일사서해먹자~ㅎ
19,안그래도얼마전에홈플러스가보니까보이더라구요ㅋㅋㅋ저희동네편의점에서는아직안들어온지금집에라면천국이라고민하다안샀는데그래도한번먹어보는게인지상정이겠네요ㅋㅋㅋㅋ
20,짜짜로니가더맛잇어!^ㅇ^
21,오늘휴방이지만영상이라도올라와서다행....😩
22,나만액체소스다른접시에담아두는거나중에조리할때불편할꺼라고생각하는건가?...꼬물이는어때?
23,난이거먹고진짜..도리도리)
24,오늘은안ㄴㅕ어어엉~이아니라안녕!
25,ㅋㅋㅋㅋㅋㅋㅋ그만나오자짜빠게티
26,비둘기야~~짜파게티먹자~~~비둘기:9999999999맛있쪙~~♡♡♡
27,트러플오일같은것을먹어봤어야맛을알죠ㅜ.ㅜ챔기름치고소금좀뿌리면될라나?차라리짜파구리같은것을출시하지.아뭏든고물님말대로2+1쿰척하러갑니다.오늘도수고하셨습니다.
28,그냥짜파게티를먹어야겠네요ㅋㅋㅋ600원이너무큰데요?
29,계속고민하다가다음주에나사먹어볼려고했는데고물님리뷰영상보고패스해야되겠네요ㅎㅎㅎ...
30,짜파게티니까당연히맛있는데돈값이..한번쯤궁금하니까먹을것같기도한데두번은안먹을것같아요ㅎㅎ
31,엄마쟤흙먹어에서눈물이주르륵....ㅜㅜ
32,와빠르네용ㅎㅎㅎ궁금하긴하네요
33,이거리뷰기다렸어요!농심은역시비싸지고맛은..
34,형은진짜좋겠다매일신제품이쏟아져나오네ㄷㄷ
35,고물님GS25에흑당라떼샌드위치라고나왔던데보셨나용기회되시면한번드셔주샸으면좋겠어요
36,0:09형오늘은항마력이좀약하다
37,박스가훨씬싸네요ㅋㅋㅋ
38,다음영상예측해봄아마bbq일듯
39,결론:쨋든짜파게티임
40,트럼프짜파게티ㅈㄴ맛있던데
41,짜파게티개꿀팁선까지뜨신물붓고킹자렌지3분이면그곳이바로천국
42,트리플?드디어3배용량의짜파게티가?하고들어왔더니트러플이었네.
43,GS거기에미각제빵소빵에..모카크림빵이랑카스테라롤이랑뭐더ㅣ있던데해달라는건아니거요ㅎㅎ;
44,갈수록새초롬해지시네요😋
45,이형이안먹어본게있었다니놀랍네별에별걸다먹고비유하길래엄청난내공을가진미식가인줄알았어요
46,요노무라면고무리의리뷰를기다렸다규!!!!
47,오늘의ㄱㄹㅁㅇ~1:36
48,Cu한입고기산적리뷰해주세요!
49,191빠
50,화사님짱~!!고물님근데이거한정인가요?
51,전개인적으로버섯맛이좋아서맛있었어요쟁겨두고먹어야쥐
52,맛있어보이긴한테좀비싸네요..
53,그냥별의미없는짜파게티였군요...
54,고물님건강한음식도많이드시죠?🤔
55,0:21저거.......짭고기가아니라콩이라고들었어요
56,농심..왜그래...
57,역시짜파게티는사천이갑......그다음엔삼양짜짜로니(볶음춘장존맛)
58,계란노른자넣으면꼬숩해지면서맛있다고하더라구여!
59,집에트러플오일은없고나혼산에서화사가먹은짜파게티맛은궁금할때저거사서계란노른자도하나탁까서넣어서아이런맛이겠구나하고그냥리얼트러플오일짜파게티의티저마냥한번먹어볼정도긴한데1600원은조금...흠냐륑스러움
60,짜파게티는컵라면면이너무맛없어서봉지면출시하면좋겠어요저도트러플안먹어봐서궁금하긴하네요ㅎ저는기름중참기름을더좋아합니다ㅎ
61,저는그냥짜파게티먹을래요
62,와!
63,Make짜파게티greatagain
64,컵짜파게티물버리는거아닌데ㅜㅜ다버려서드시는거보면안타깝..
65,저도트러플이라는거안먹어봤는데궁금하네요
66,농심그냥있는제품이나잘만들어
67,나트륨ㄷㄷ
68,짜파게티에트러플오일을뿌려먹는다.끗
69,비싼거엔비싼거넣어먹자구요..
70,짜빠게티에트러플이라니너무고급스러운거아닌가...
71,오히려짜파게티에다트러플오일넣는게더괜찮을지도..
72,궁금했는데편으점알바하시나여
73,천사소녀게티(?)낭심이또대충우려먹기내놓고가격을우어어엉
74,우리는트러플을안먹어봐서모린다..모린다고!!
75,트러플오일인지트러플향올리브오일인지알아야합니다
76,짜파게티컵에올리브오일사라짐
77,오잉물버리나용?
78,저건물을버리네용
79,35주년기념을좀더맛있게만들었으면좋겄다...
80,초심잃어버린라면
81,이컵짜파게티는물을버리네...잘섞이나요?
82,짜파게티왜물버리나요?
83,농심설문조사결과로나온제품인것같더라구요저도투표했구요헣저같이트러플오일이익숙하지않은사람들에겐비싸기만하고맛은큰차이없다라고느낄제품이겠군요그렇다고트러플오일맛을아는사람들이먹으면별로라고할것같고ㅋㅋㅋㅋㅋ그냥트러플오일따로사먹거나패스해야겠네요리뷰잘봤습니다감사합니다!P.s안뇨오오오옹~~~하고늘어지는마무리가더익숙하고친근하긴한데안녕!하고딱부러지는마무리도좋군요
84,왜라면에다가트러플인지를넣는겨
85,짜파게티는물안버리고조리하던데트러플은물버려야되는건가요?
86,그냥버전이랑차이점이뭔가요?
87,음..이게뭐지
88,냄---시
89,요건물을따라내네요?짜파게티컵은물안붓는데..그건좀아쉽네
90,일요일에먹음버프받고맛잇어질지도몰라요
91,농심의물타기트러플오일짜파게티
92,nongshimnon-shim
93,예상대로그맛을컵라면으로는구현하기가애매했나보군요
94,짜파게티후레이크버리고먹는사람?!
95,어떻게된게편의점라면은조금이라도특별하거나뭐라도넣었다싶으면1600원으로가격이껑충뛰는걸까요...ㅋㅋㅋㅋ사실라면이1600원이면기가막히게맛있거나특별하지않은이상아깝다는생각이들고더군다나여태까지1600원값을하는라면을못본것같아요ㅋㅋㅋ오늘두리뷰잘봤어요고물님감사해여!
96,결국은별거없다ㅋㅋ
97,농심이농심했네
98,컵라면의가격은좀올리되다양한건데기를개발하여푸짐하게넣어줬으면합니다.
99,기생충에서짜파구리에채끝살넣어먹는거보고영감받은건가?...ㅎㅎ뭐예전에트러플오일곁들인수미칩도출시했던전력이있긴하죠.
0,안녕하세요밥먹는봉길입니다!신상짜파게티는7/9일날출시되는데영상에서5일이라고잘못말했네요...죄송합니다..😭짜파게티는4개를끓여준비했구요조금아쉬웠던부분이있는데송로버섯오일향이조금부족했던거같아요..그래도짜파게티는언제먹어도맛있죠!오늘도시청해주셔서감사드립니다!!❤️🥰💕😍
1,Hisonebiteislikemywholemeal
2,1.You'reonyourbed2.You'rehungry
3,다른분은ㅋ입안가득마구음식을구겨넣는거같은뎆ㅋ이분은!넘많이들어가서음식이빤낭없어질까바오히려살살드시는것처럼조심스러보인당ㅋㅎㅎ입안이엄청궁궐~^^::::ㅋ구독누르고갑니다~영상퀄좃아요!👍👍👍
4,다른분들은크게크게먹으면음식물이반은도로나와버리는(?)그런목멕히는게연출되기도하는데봉길님은시원시원하게드셔서넘좋아요입안평수거의문세윤급👍👍한입만하면굉장하실것같아요ㅋㅋㅋ
5,구독자1200명일때는정말잘되셨으면좋겠어서여기저기봉길님좀봐달라고호들갑도떨고로고도만들어드렸었는데벌써이렇게까지성장하시고지금도쭉쭉승승장구하시는걸보니마냥기분좋네요ㅎㅎ처음처럼댓글은매번못달아도업로드하실때마다항상잘보고있습니다!곧10만이되시는데Q&A나초코탕ㅜㅜ드셔주시면행복할것같아요☺️❤️
6,Yourchannelisgrowingsofast!😍🥰
7,Justaword:i-ni-mi-ta-ble
8,이비디오는정말멋지네.너를너무사랑해.😙😁
9,봉길씨입속으로라면이끌려들어가는거보고급당황했네요..ㅋㅋ언제봐두무서운사람~^^오늘도멋졌어여
10,بالفهناعليك🍜🍜🍜
11,봉길님~~~~항상잘보고있슙니다ㅎㅎㅎ!!!혹시bhc뿌링치킨이랑뿌링시리즈사이드메뉴들전부먹어주실수있을까요ㅠㅠㅠ봉길님이시원시원하게맛있게먹는거보고싶어요!!!!😊😊✌
12,他仍然是最好的مينيوافقنيلرئيانواكلونضيفويشهيالعربييحطلايك
13,Itisaniceeatingsoundoppa☺️yoursmilewheneatingitscute:>
14,진짜5만명때부터잘보고있어요형!크게크게먹어서대리만족이얼마나잘되는지모르겠어요🥰🥰🥰🥰사랑합니다
15,ㅋㅋㅋㅋㅋㅋㅋ와..입진짜크다..구독자50명일때부터봤었는데대단하시네요..👍👍
16,진짜초반부터봤는데항상너무잘드시고소리도최고예요（＾∇＾）
17,오늘점심은짜파게티다..
18,AlguémdoBrasil??🇧🇷🇰🇷
19,오프닝도오프닝이지만클로징이진짜반짝반짝빛이나네요🤩🤩눈부셔라~~여러분들봉길님영상풀시청해주세요~~그래야많은분들이봉길님을발견할수있다네요구독자수팍팍늘길바래요!!
20,ThankyouforputtingusanArabictranslation.Weloveyousomuch
21,이모자시원해보여요ㅎㅎㅎ봉길님빨리10만고ㅠ4봉거의5분컷ㅋㅋㅋㅋㅋㅋㅋ실환가
22,Esdemasiadolindo!!😍😍😍😍😍SaludosdesdeEcuador!!🤗🤗🤗🤗
23,애초에면종류는먹는시간이길지않을거라예상은했었지만.....역시~!!
24,봉길찡입크기볼때마다사기...🤭💕
25,Bommmm❤
26,0:39소리미쳐써여......근데농심슨생님들웨맨날큰사발이라더니안크냐긔여ㅠㅠㅠㅠㅠㅠ모자라😢
27,Ugh!thisboyismakingmestarveIwanttoeatalotbutmystupidsmallstomachdidn'twantmetoeatalot🙄
28,Yourlipsarelikestrawberrieswhenyoueat..Yamee
29,03:10대리만족하고갑니다ㅠㅠㅠ!👍👍
30,문세윤씨의'한입만!!!!'을능가할것같은봉길님!!!!짱!!!!!!!!
31,저기에노른자까지하면ㅠㅠㅠㅠ
32,아저는음식드실땐드시는것에만집중하고다먹고나서코멘트해주시는봉길님스타일도너무좋아요중간중간맛평가같은멘트가많으면스킵하게되는데끝까지집중하년서잘보고있습니다~ㅎㅎ
33,한젓가락이한봉지씩드시네요그래서좋다고요~^^
34,IMhungry😅
35,파김치와짜파게티조합은늘옳죠ㅠㅠㅠㅠ트러플짜파게티진짜궁금했었는데한번사먹어봐야겠어요🤭🤭
36,Ilovenoodles
37,Soudobrasil🇧🇷🇧🇷🇧🇷🇧🇷🇧🇷🇧🇷
38,Mồmtoooooooooooooooooovcđ
39,YEYY!!💙💚💛🧡💜❤
40,شكلكجميلجدانريدتعملفديوللمكياجخاصتك
41,꾸뜨어어억꾿으억와소리미쳤다진짜.......흡입력...언제나감탄함미다.........내일인거죠?농심열일하네요진짴ㅋㅋㅋㅋ큐ㅠㅠㅠ
42,와짜장면내가제일좋아하는거네~♡바로구독ㅋㅋㅋㅋ
43,"Nowyouareawardedby""mostfasteater""🤩😱"
44,Кторусскийлайк
45,"OmgIloveyou,youaresocute"
46,언제나잘보고있어효승승장구해서떴음좋겠음ㅠㅠㅠㅠ진짜잘묵는데...깨끗히묵는데..많이봐줬음좋겟당..
47,myguyknowshowtoeat(♡°w°)
48,bestmukbangyoutuber!!!✨
49,소리가정말ㅜㅜ치덕치덕아삭아삭😍
50,Meuqueridinho🥰
51,Heissofunny😂💕
52,❤️❤️❤️❤️❤️
53,Muitobom🇧🇷❤️
54,МНЕБЫТАКОЙДОШИРАК😫😫😫😝😝😋😋😋😋
55,❤
56,Subtítulosespañolpliss🙏💖
57,LoveyoureachandeverybitesWow....youareawesome
58,파김치안좋아하는데드시는거보니까같이한번먹어보고싶네요.늘잘보고있습니당
59,Brasil🇧🇷🇧🇷
60,Ммм...Каквкусно!Люблютебяитвоивидео❤️🤤
61,Nice👍🏻
62,Whydonotyoutranslatearabic?🌚
63,YourBiGBiteitssoSatisfying😄
64,"Iloveyou💕💕,SoudoBrasil!💕"
65,nowthat'showyoubangmukthenoodles!
66,Bigmouth😂
67,"Интересно,какввасзаразэтовсёлезит?"
68,어쩐지동네에서안팔더라ㅠㅠ빨리먹고싶네여😿
69,하...면집는소리부터오바야ㅜㅜㅜㅜ미쳐따
70,Yourhandisshewring
71,기생충안봤지만짜파구리만들어주세요ㅠㅠ
72,한입먹을때마다한봉지가들가는거같아욬ㅋㅋㅋㅋ
73,Oppafighting!!!Youhavealotofsubscribersnow..<3
74,파김치에짜파게티는맛이없을수가없죵ㅎㅎ😊
75,와..한접시를안끊고한입에먹어버리네
76,꼼수안부리는거같아보이구정말맛있게음미하는것같구게다가타고난구강구조로깔큼하게드시는거넘조아요♥️
77,ThemostthingIliketoseeandyoueatisthenoodles.💙Thanksforthetranslation.💛💛
78,오늘먹방도시원시원하네요~꾸덕꾸덕한짜빠게티도좋지만좀더다양한사운드를위해군만두도같이먹었으면어땠을까..라는생각이들었어요^^오늘영상도잘봤고요~항상응원하겠습니다!!
79,일반짜파게티랑아무런차이도없을듯
80,I’mstilllovingyournewintroduction!Perfectlyaddstoyourvideo:-)
81,Cute😍😍
82,"yesss,lovejajangmukbangs!iloveyouBongGil💖💖"
83,howareyoubeautiful...youareverytender...😍
84,مشاءالله😍
85,Wow!Nuncaproveiramen;-;deveserbomAmoseusasmrssãounsdosmelhores!AlguémdoBrasil?
86,오프닝이생겼네용!!동영상퀄리티가점점좋아지네용ㅎㅎ오늘도잘보고갑니다~~👍
87,PorquetecabetantoNmmsjajasemeparoxdxd
88,Omgsogodcongratulations
89,👏
90,역시라면은나무젓가락😆파김치에짜파게티라꿀조합이예요!트러플짜파게티궁금했는데아직접해보지못했네요ㅜㅜ오일향이부족해서아쉽다니..그래도출시되면꼭먹어볼꺼예요~!
91,AlguiendeMéxico🇲🇽?
92,i'msohungrynowhahaha
93,왠지파김치보다대파김치가어울릴듯^^;;
94,생색은아니지만6000명때부터본구독자입니다!!정말좋아하는분인데일케구독자가빨리늘구잘되는거보니까기분이정말좋네여ㅜㅜ오늘도맛있는먹방잘봤어요!!항상좋은영상감사하구앞으로더더욱승승장구하시길바랄게요봉길님화이팅❤❤🥰🥰
95,사랑해ㅠㅠㅠㅠㅠㅠ
96,와파김치..시골다녀와야겠네여ㅎㅎ
97,美味しそう🙌🙌🙌
98,Noddlesnoddlesnoddlesmyfav
99,"Anyeongbrother🖐🏾!I'msurethoseblackbeannoodleswithpa-kimchitastefantastic!Thoselargebiteslooksodelicious!Keepupthegreatworkmyfriend,andwatchyourchannelrisetothetop💛🖤💛."
100,"와,꾸덕꾸덕한면섞는소리와아삭아삭한파김치소리가정말맛있게들리네요맛은당연히최고죠~👍😍😋💕"
101,Hi
102,شكلوبيجننوطريقتوبالاكلنظيفةوجميلة
103,짜파게티에파김치조합은..♡신상짜파게티!궁금해요!!출시되면바로먹어봐야겠어요~!
104,봉길님구독자수오를때마다제가다뿌듯해요ㅋㅋㅋㅋ글고드시는거보면속이시원함..
105,Hiii!
106,今日も美味しそうです😋説明分かりやすかったです!次の動画も楽しみにしています💞오늘도맛있겠어요．설명알기쉬웠습니다！다음기대할게요．
107,으윽짜파게티와파김치조합ㅜㅠㅠㅠㅠ
108,입이크셔서너무멋있어요😍목소리도너무멋져요😀
109,Delirecemşimdikardeşimsenbununhepsininasılyedin?🤯midenizeneyaptınızdahortumgibiçekiyoryav
110,화질에깜짝놀랐다
111,موحلگيااخي😂عموماتشهيبالاكل🤤
112,앞접시에덜어드시니너무보기좋아요ㅎㅎ오늘메뉴선정도미쳤네요짜파게티와파김치라니은혜로운영상감사합니다^^
113,잠자기전엔봉길님영상이최고❤️
114,Ireallylikehowhisvideosaren'ttoolong
115,짜파게티내가젤좋아하는것
116,대---------박!한입=한봉지네요^^
117,??왜우리집접시가저기가있지?
118,하..진짴ㅋㅋㅋㅋㅋㅋ너무좋으네요봉길님먹방은...모든메뉴가시원시원하니좋습니다
119,어떤음식이든크게크게한입에파바박!!취향저격ㅠㅠㅠㅠ
120,يشهيمره💓💓😭
121,다좋아요소리도영상도특히먹는스톼일도그런데중간중간먹으면서눈알사선으로돌리는듯한시선처리가별로예요전음식소리도좋지만맛있게드시능모습이좋아서보는데눈알하늘로치솟는것만줄이시면좋을거같아요
122,그냥짜파게티맛이죠..?그렇죠..?ㅋㅋㅋㅋㅋ귀여워🥰❤
123,숙주가득가득한쌀국수드셔주세요ㅜㅜ항상너무잘보고있습니다제일좋아하는먹방유튜버세요❤️❤️
124,Clasebocados!!!Meencantan!SaludodesdeNicaragua❤️
125,봉길님건강생각해서천천히드세요^-^항상응원합니다!!좋아요꾹누르고가요ㅋ
126,형근데형은입도크고한입이한입이아니니까한입하는장면썸네일로한번해보는거어때어그로같지만진짜그게한입이라어그로아니자나!
127,이거궁금했는데드셔주셔서감사해요!오늘도잘보고갑니당
128,Itlooksyummy😍😋
129,ㅠㅠㅠㅠ한창다이어트중이라밀가루끊었는데위기네요😭짜파게티말해뭐해요맛있죠ㅜㅠㅠㅠㅠ오늘도소리너무듣기좋았어용🥰
130,봉길님피곤해보이시는데어디아픈건아니죠?뭐든건강생각하면서하세요!
131,Nosquevontadedecomer
132,Bonggililoveyou
133,"봉길님...트레이더스빵들먹방으로시작해서치즈볼,아이스크림,뚱카롱,맥도날드치즈버거까지진짜너무너무먹고싶은메뉴들맛있게큼직하게드셔주셔서바로구독눌렀어요ㅠㅠㅠㅠ다이어트중이어서진짜너무먹고싶은데하나도못먹어서속상한데최고세요ㅠㅜㅜ혹시타코벨로도먹방이가능하신다면꼭보고싶어요ㅠㅠㅠ타코벨에서타코들이랑특히퀘사디아..!!ㅠㅠㅠㅠ항상화이팅하세요💕"
134,면먹는한입클라스보소...봉길님.간간히면먹방부탁해용😍
135,"7월9일출시되는데어떻게벌써구하셨어요?리뷰하눈건데설마농심에서후원하는걸솔직하게리뷰해서안좋게말할수도없구요..만약에농심눈치안보시고솔직하게맛없다,별로다아님좋다맛있다식으로리뷰하시면완전구독하고팬합니다!"
136,봉길님꾸덕꾸덕소리조와요ㅠㅠ혹시참치김치볶음밥해주시면안되나요?반숙후라이랑잔뜩와구와구...ㅠㅠ
137,Ilovethesefoodash
138,드디어나왔다어서먹어봐야겠어요!😍😍어떤맛인지너무궁급합니다~🤤🤤
139,Souseunovoescritoameiseusvídeosabraçodobrasil🇧🇷🇧🇷🇧🇷😁
140,Porsibuscabasuncomentarioenespañol.TesigodesdeArgentina🇦🇷✌
141,بلعافيهحبي
142,대박ㅠ
143,입에하나도안뭍었는데너무입닦는거에신경쓰시는것같아서자꾸닦으시네용괜찮은데
144,꾸덕꾸덕치덕치덕소리넘좋다_ㅠ나무젓가락에파김치에정말배우신분👍👍
145,Thatlooksreallygood.❤❤❤
146,nowimjustbingewatchinghisvideos
147,봉길님라자냐도먹어주세요!!
148,คุณกินได้อร่อยมาก
149,면이입안에들어가자마ㅏㅈㅏ녹나요..?드시는거진짜제스타일와...
150,역시짜파게티엔파김치👍오늘도잘보고갑니당❤️
151,오늘첨봤는데asmr아니면중간에맛리뷰및구독자들과소통했으면좋겠다는의견내어봅니다.맛있게드시고집중하시는건좋은데아쉽네요앞으로피드백부탁드립니다맛있는짜파게티한번더드셔주세요총각김치랑
152,UeatallthefriedNdcheeseystuffstillurskinlookssoooclean....how???howurskinisflawless???
153,마치비디오를좋아한다면:)...새하위
154,어떻게그렇게크고맛있게먹는데입주위에1도안묻을수있죠ㅠㅜ배고파요ㅠㅠ
155,يسلام😍
156,너무빨리사라져버려서그저아쉬울뿐이네요ㅜㅜ먹방중에최고예요
157,깔끔하고복스럽게맛있게드셔서밤마다미치겠잖아요ㅜㅜㅜㅜㅜ
158,ㅏ마징!
159,흐헉1등못했다ㅜㅜ아쉽아쉽ㅎㅎㅎㅎ
160,봉길님10만넘으신거축하해욧~초반부터봐와서넘기분좋네요
161,꼭꼭씹어드세요~^^
162,쟝블랑제리빵들와구와구먹는거보고싶어요ㅠ
163,Wait...Isitjustmeorheputlipstick?🤔
164,오프닝좋아용
165,ItispopularinKoreaandIloveefoodinhere.Thankyouyourvideo=))))
166,🍜😋😋😋😋😋😋😋😋😋😋
167,오프닝생기신거같네요??우오앙
168,"한입많이먹는기네스같은거나가셔도될거같아요~~특색있는먹방,과하지않은먹방으로만족시켜주셔서감사해요!ㅎ항상응원합니다!!"
169,봉길님🤩짜파게티영상에뜬금없지만혹시스콘좋아하세요??괜찮으시면언제한번스콘먹방도해주실수있나요ㅠㅠkfc의비스킷스콘도맛있고...다이어트중인뎅제가너무먹고싶어서...ㅎㅎㅎ
170,소화력이대단해요
171,کرمیمەخۆخرابە
172,😘😘
173,항상너무너무맛있게드셔주셔서감사합니다봉길님💕🙏🏻
174,Manchurianmukbang
175,Areblackbeannoodlesspicy??
176,😮😯wow😘😘😘😘😍😍😍😍😍
177,Vocêganhouuminscritovocêémuitodivertido
178,오늘도1등으로봅니다트러플짜파게티저도먹어볼께요
179,YesIdon'tUnderstandyourlanguagebutthatdoesn'tstopmefromcarving😭😭😭
180,IreallywanttotryblackbeannoodlesT.TItsoundsjuicyandcrunchywhenyoueatwithkimchi~
181,내가이걸못보다니....죄송합니다ㅠ
182,شكلوبيجننن😘
183,First
184,四人前で足りなかったの？ビックリ😲😲発売になったら是非買わせて頂きます😃
185,우아하다.💓💓나도그렇게생각해보세요.일본은많지않다.(´TTω‘)
186,7월9일이라니얼마안남았네여
187,Itriedtheblackbeannoodlestheotherdayandtheytastesogood!ButIdon’tthinkIcanhavesomuchinoneseatingtho~😅Lovethosecrunchysoundsfromtheveg!😋Yummy!
188,Hmmmyammmmmy
189,اكلطيبكلشبسماعدناهذاالاكلبالعراق
190,😘😘😘😍😍😍😍
191,دةمششبةالاندومىبتاعناخالص
192,👍👍👍👍
193,Idon'tknowwhatisthetasteofthisblackbeannoodles..IthinkonlyinKoreahavethis?
194,اناعربياحبك
195,Lookdelicious😋😋😋
196,imhungrynow:T
197,나는장면을좋아하지만매운버전은한국에가고싶습니다
198,ใครเป็นคนไทยบ้าง
199,당신의입은블랙홀입니까
200,👍😙😙😙
201,대박저렇게많은양이몇입안됨헐
202,Ireallyloveyourbigbite!!💝💝💝💝💝💝💝💝💝💜💜💜💜
203,Ilikeyourvideo
204,انامنالبدو
205,وااو😍😋😋😫😫
206,Tiffanylastmealofsurvivalrelease
207,حلوو♥♥♥😍😍😍
208,"Habisinmiecuman6menit,gilasih"
209,한입드실때마다거의한개가없어지듯드시는듯ㅋㅋㅋㅋ막억지로인상쓰고구겨넣는분들은좀보기그렇드라고요안쓰럽기도하고ㅠ근데이제제1순위먹방채널을찾았어요진짜맛있게드시는거같아융!꼭꼭씹어드세옹~🐱
210,Eubrasileirogostoseasistirseusvideobonggil
211,Isitcold
212,Mantulll
213,Yamiiiiiiiiiiii
214,짜파게티2개끓여먹는게소원인데...4개면을매나좋을꼬(칼로리높아서한개도벌벌기며먹는1인)
215,Iloveyourbigbites😘
216,Кторусский
217,Howdoesittaste?Isitbitter?Ibadlywantedtotryblackbeannoodles.
218,Aloveyou😍😗😘
219,يعععععععيقرف
220,Heissofamousbecauseofhisbigbitesbutwhydohenothavelotsofsubs🙄😓😭
221,될수있으면일회용쓰지마세요정부가일회용쓰지말기운동하는데먹방유투버들이어긋나면되나요나무로된젖가락사서사용하세요다이소에가면얼마하지도않은데보기불편합니다나무젖가락으로먹어야한다는그편견도버리세요먹방하시려면
222,😐😐
223,Nice
224,استمريامبدع😋😋
225,Oh～don'tcutnoodle！You'regluttny!
226,Whosubscribedbonggilforonlythebigbites👇👇👇
227,doesitreallytasteliketheoriginaljjajjangmyeon?
228,po
229,Idon'tlikeyou
230,Eatslowlyslowly....takecareyourhealth
0,초심잃었네노랑이트러플짜파게티는한두달뒤에리뷰할줄알았는데
1,10만언능찍을줄알았는디..화이띵!
2,튜닝의끝는순정이라고결국라면은빨간국물라면으로돌아가지형
3,노랑스답지않게너무일찍리뷰라는거아니야?ㅋㅋㅋㅋㅋㅋ
4,솔직히라면종류신상품들은다가격부터가사기같음... 맛도크게다르지않는데ㅠㅠ
5,발느린리뷰전문BJ
6,내가모르는걸리뷰하다니속도대체어떻게된거야
7,에초에트러플이천원짜리식재로도아니구천원짜리라면에뭘바라냐ㅋㅋ소비자도어느정도생각하고있을텐데
8,트러플오일요즘싼것도많아서그냥오일을사시는게좋을듯합니다^^ㅎㅎㅎㅎㅎ
9,좋은소리만한거처음아니냐ㅋㅋㅋ
10,2:06소인줄
11,이런신제품을이렇게빨리????
12,노랑이가저정도로비웠다고하면노랑이기준에서맛있는거임
13,봉지라면그람수기억하는거소름이네ㅋㅋㅋㅋㅋㅋ
14,트러플짜파게티인데0.01?뭐지....향이강해서그런거져?그런거겠져?ㅋㅋ
15,이거보니갑자기먹고싶다ㅠ노랑효과
16,짜파게티3봉먹는사람이지만이건하나이상은무리임금방질림
17,저는그냥짜파게티가좋아요
18,0.001%이면맛이나나??
19,2:02♥♥
20,"노랑님저궁금한게있는데요노랑님,여랑님본명인가요?"
21,이번엔그나마빨리올려주셧네
22,"근데트러플짜파게티라니,.0.001퍼..ㅋ.."
23,햇님10만얼마안남았으요ㅠㅠㅠㅠㅠ구독자로서감격이다
24,롯데농심불매~
25,옛날아스가르드루어스브금인가그립ㅋㅋ
26,ㅋㅋㅋㅋ450원더주고맛있게먹을수있으면무조건먹어야지450원얼마나한다고
27,1등
28,바라는거 많네참ㅋㅋ
29,탑5
30,"내가먹은트러플향은버거킹트러플치즈프라이밖에없는데,먹어본사람은얼마나좋음향?"
31,그냥짜파게티보다약간간이덜쎈느낌?좀더부드러운맛이긴하나그냥짜파게티조온맛~~~!
32,노랑이화이팅나도하나먹어바야겠다리
33,홍사운드인트로노래따라하누
34,노랑아김치찌개리뷰좀해줘국물에밥먹는게보고싶움
35,오!나중에한번사먹어봐야겠어요!!
36,이시키는그냥농심빠돌이인듯..
37,짜파구리출시안해주낭
38,요새기훈이따라하는느낌너무나는데요...
0,오늘은화사님이쏘아올린트러플오일짜파게티가농심에서컵라면으로출시됐다고해서빠르게먹어봤어요워낙제가트러플오일을활용한요리를좋아해서기대했는데과연어땠을지영상으로확인해주세요~😂그리고영화기생충에서나왔던채끝짜파게티도있어요🙋🏻‍♀아직제품리뷰는미흡하지만재밌게봐주시면좋겠어요😘
1,잇쪙님라플뷰리넘기여어여근데좀더맛있게후루룩팍팍먹어주세여먹을수있잖아요ㅋㅋㅋㅋㅋㅋ
2,아까저는그냥짜파게티먹었는데~ㅋㅋㅋㅋㅋ트러플은안머거봄~오일부어넣기ㅋㅋㅋㅋㅋㅋㅋㅋㅋ어차피향이라던분이그냥너먹어ㅋㅋㅋㅋㅋㅋㅋㅋㅋㅋ근데김치도없이대단하신데요?🥰
3,"이렇게한번먹어봐야겠는데요,,?완전마싯게땅!"
4,노른자넣은거진짜맛있었어용🙌🏻
5,오늘은이거닷!너무맛있을거같아여ㅠㅠ너무부러워요...채끝...도사야하나....
6,영상잘보고구독과좋아요누르고갑니다~
7,헉무슨맛인지궁금했는데!!!!그런데물잔뭐예요?넘고풍스럽..제스탈...
8,넘나맛잇을꺼같아용저도당장해먹고싶을정도네요저는다섯개끓여먹을거에요
9,반가워요맛있게보고갑니다즐거운하루되세요^^
10,짜파게티맛나겠네요ㅎ오일뿌려멱네요계란까지ㅠ느끼하지않아요ㅠ
11,채끝!저도꼭먹어봐야겠어요!!
12,맛있어보여요...
0,젓가락을끼울수있는아이템이군요.트러플오일의짜파게티휘발성냄새가아인옥수수향과같은오일이군요.간이쎈짜파게티라.그럼그냥트러플오일은조금났다사라진향때문에조금비싸군요.앞으로자주소통해요.조금늦게찾아뵈었네요.응원합니다.
1,아예부어서출시되게만드는김쿵짝클라스..
0,먹는소리가예술입니다. 무조건성원합니다.
1,짜파게티먹는모습을보니먹고싶어집니다. 다음영상도기대하며항상응원합니다.
2,풀시청잘보고가요....좋아요선물놓고갑니다...응원합니다ㅎ
3,영상재밋게잘보고가요~
4,Thosearefresh!
0,구독자100명축하해요형님
1,톤앤톤
0,트러플오일어따쓰나싶어서사지도않구뭔지도모르는데이번기회에경험하겠네요👏
1,가족끼리짜파게티먹으며왠지트러플짜파게티나올것같다고햇는데ㅋㅋ나왔네여ㅎㅎ신기방기한번사먹어봐야겠어요ㅎㅎ
2,트러플짜파게티^^구멍송송!!!짜장은꾸덕꾸덕한게최고죠^^노른자영롱하고~고급져욧(공감공감)...^^
3,오정말이런신제품은어디서사시는건가요?저는못본거라....ㅋㅋ
4,크으으트러플오일~~
0,나란사람믄..이밤에애꽁님의영상을보고야식이먹구싶어졌...결국먹읍니다ㅠㅠ진짜애꽁님영상보고먹은게한둘이아니야ㅠㅠㅠㅠ
1,"지금짜파게티먹는모습을보니ㅠㅜ저두먹고싶네요ㅠㅠㅠ그래서저는집에있는진라면을....크흠저셕에라면먹으면아침에얼굴부은다는데ㅠㅠ애꽁님조심하세요ㅠㅠㅎㅎ그래두라면,짜파게티는진짜맛있어요히힛애꽁!!영상항상재미있게보구있어요ㅎㅎ목소리도너무귀여우세요!!ㅎㅎ"
2,헉..짜파게티..제최애라면인데ㅜㅜ급땡기네용..
3,으어어어..자느라못봤다닝..진짜밋있겠어용..오늘도애꽁님영상재밌고좋아용!
4,안이ㅠㅠ밤에또이런영상을..
5,아침먹었는데..격하게먹고싶다다이어트하기로했는데...
6,헐ㅠ쫘파궤티검나시럽게좋하하는데ㅠ
7,애꽁님덕분에2kg가찔거같아요이거보고편의점가서라면을먹었여요
8,뭔가정신없는데그러면서재밌닼ㅋㅋㅋㅋㅋ아배고파라면꺼내야지
9,"잠이안오는새벽이예용,,,아잠시만영상트는순간배에서꼬르륵거려오ㅠㅠㅠㅠ춥춥,,,"
10,"으억ㅜㅜ별다를꺼없다니약간실망이네유,,//되게기대한제품이얏는데ㅠㅠㅠㅠㅠ오늘도잘보구가용❤️"
11,아니ㅠㅠㅠㅠ언니저다이어트중이라고요ㅠㅠㅠㅠㅠㅠㅠㅠㅠㅠㅠㅠㅠㅠㅠㅠㅠㅠㅠ언니영상보고급땡겨서냉장고뒤지러갈꽁...
12,짜파게티먹고싶어져써요..으에ㅔㅇ엥ㅇ
13,너무맛있을꺼같네요ㅠㅠ
14,언니저편의점가야겠어요....짜파게티너무먹구싶어여ㅜㅜㅜㅜ
15,배고프다...야식..ㅜㅜ
16,언냐ㅋㅋ물구멍(?)색다른데뚤는클라쓰ㅋㅋ역시피어씽전문유튜버ㅋ언니텐션은...100프로다...ㅋㅋ(편집자니씨ㅋㅋ인정하쥬ㅋㅋ힘내여~♡)저도뜨거운거잘뇸뇸못해여ㅠㅠ
17,너무맛나보임ㅠ
18,저도짜파게티먹고싶어융..💗아침에너구리묵었는뎅🍎💤..
19,1빠
20,다이어트중인데흑흑ㅠ
21,짜파게티..완젼맛있겠다...
0,보자마자사왔어여ㅋㅋㅋ심지어저랑폰도같으심..😯
1,아아ㅏㅏ알람이안울려요오ㅠㅠ되게오랜만에영상올리시는거같운뎁...짧아도좋은데이왕이면긴영상으로보고시퍼용...그럼전20000알람뿌시ㄹ....
2,ㅋㅋㅋㅋㅋ영상진짜기다렸어요!오늘도진지한리뷰잘듣고가요!!넵당장사먹겠습니다!월요일월요병조심하시고좋은하루보내세요☺😊
3,"앞으로식품리뷰할때가격도얘기해주시면안될까요?아무튼오늘은맛있는음식이라다행이네요ㅋㅎㅋㅎㅎㅋㅎㅎ1:05불어먹는거너무귀여우신거아닌가요ㅍ퓨ㅠㅠㅠㅠ요즘너무더우니까참외롭다참외바인가??암튼그거리뷰해주세요.,!오늘도ㅈㅐ밌게보고갑니둉"
4,맛있겠다...리뷰영상잘봤습니다.유경님믿고사보겠습니다!!
5,😍😍👍
6,Nice👍👌
0,🚨이어폰사용을권하지않습니다🚨❣️첫입1:301:301:30❣소음도굉장히싫은데편집할때어플이렉걸린적이있었는데자막이이리저리...하....죄송합니다ㅜㅜ짜파게티는맛있었습니다...ㅠㅠ
1,언제봐도귀여워요😍😍원래조곤조곤말씀하시는건가요?!마이크사용안하시길래한번여쭈어봤어용
2,또보러왓는데배고파요ㅜ
3,맛있나요?ㅠㅠ
4,우와밥먹을라고했는데짜파케티사러가야징
5,헐이쁘시다..
6,군대에서섞어먹는라면리뷰해주세요ㅎㅎ공화춘짜장에불닭섞은거요ㅎㅎ
7,밍님.영상편집머쓰세요?소음있을때는이퀄라이저로특정주파수를죽이면어느정도해결됩니다ㅎㅎ
0,북경짜장ㅋ
1,ㅋ
0,"저번달에이사하느냐고너무바빠서유튜브는생각도못했네요편집자도없고..편집할시간도없고..8ㅅ8생방못보시는분들을위해풀영상이라도잘라올립니다♥"
1,방송며칠못봤는데땡큐!
2,오랜만에영상!좋아영!>_<
3,어니누나왤케오랜만이자너ㅠㅠ
4,오물오물맛나게드신다.이거틀어놓고자려고했는데배고파서못자겠어요ㅎㅅㅎ
5,그냥짜파게티는물안버려도돼요
0,"""Wow트러플짜파게티~~~"""
1,언니들너무마싯게먹는보습보니까저두배고파져용~
2,아...괜히새벽에봤ㄷr.....구독누르고가욥
3,완짜....대밬ㅋㅋㅋㅋㅋㅋ진짜맛나보여용ㅜㅜㅜㅜㅜㅜㅜ
4,영둥언니넘맛있게먹어서저두......사러나가렵니다😆😁배고파졌으🤭
5,저도오늘짜파게티먹을래용....
6,영상너무잘보고있어요!!영둥이님이영상마다하시는저있는듯없는듯한앞머리(?)어떻게만드는지궁금해요!!
0,그와중에흰티에청바지존예네요
1,짜파구리가쵝오임🎶너구리랑자파게티ㅡ미친조합깜놀
2,추자님편식쟁이시구나ㅋㅋㅋㅋㅋㅋㅋ
3,트러플ㅗ일노맛
4,이거맛있던데
5,아.....내가이걸왜새벽에보고있지....배고프네....ㅜㅠ편의점가서하나사야하나...
6,ㅋㅋㅋㅋㅋㅋㅋ맛잇겟다
7,언냐들....왜케...기여워.......ㅜㅠ
8,고추를또고추로담근소스장에찍어먹다니..매운거잘드시니까추자님은진정한한국인이시네요ㅎㅎ
9,ㅋㅋ고추장국자에담아온거졸귀ㅋㅋ
10,마라탕면이랑콘치즈면도리뷰해주세요
11,헐언니김치가줘언내맛있어보여여..알려주세요ㅠㅠㅠㅠ
12,와김치....탐나정보점요!!!!
13,가현진짜박시연닮앗쪄쳐매력
14,먹방하믄부도젤리가현님짱
15,가현님먹는거만보면참을수가읍네..
16,추자언니예전에땡초랑짜파게티먹던거영상뭔지아시는분ㅠㅠㅠㅠㅠ
17,저도트러플오일그닥...
18,짜파게티가에피타이져이자저녁이라닛ㅎㅎㅎ😘😚😆
19,너무맛나게드신당
20,등심오일파스타해서마지막에몇방울톡톡끼얹어먹어야송로버섯의향은진가를발휘~~
21,어머이조합어쩔넘나좋은쓰리샷~먹방은여윽시ㅎㅎ!!
22,05:25이모님유쾌하셔ㅋㅋㅋㅋㅋㅋㅋㅋㅋ핳핳홓홓홓헣헣
23,언니다이어트해야되는데라면땡겨요ㅜㅜ
24,저도그냥짜파게티가훨맛있어요
25,이제언니얼굴만봐도웃겨영...
26,내가제일좋아하는세명이잖아ㅠㅠ흑흑너무좋아❤❤❤❤❤❤사랑해요언니들ㅜ.ㅠ
27,ㅂㄸ
28,하이라이트는몇일날생방송에서뽑아낸건지적어주시면안되나요???재밌는거풀영상보고싶은대잘못찾겠어요
29,언니다이어트어케하셧는지ㅜ말씀해주세요퓨
30,맛있게잡수이소역시우리기출이가현이너무맛있게잘묵네보기가좋네역시기출너무매력있다
31,사먹어봐야겠지용~~~！
32,세분다^^대롱대롱귀걸이넘옙뻐용💗뭘드셔도다맛나보여ㅜㅜ괴로와괴로와‥
33,역시먹방은부도젤리님!!쵝오!!나도막먹고싶어짐요방금밥먹었는뎁입맛없을때다시보기보면쵝오예요늘응원해요💕
34,요새근데짜파게티는맛이너무밍밍해지고맛없어졌어요ㅡㅡㅠㅠ예전이랑맛이틀림저는진짜장이나짜왕이맛있더라구요
35,가현이먹방최고얌오물조물깔끔식욕마구올라오게함
36,근데기출님?죄송해요이름을정확히잘몰라서ㅜㅡ혹시태극기는왜등에꽂고계신지아시는분?ㅋㅋㅋ
37,개뜬금이지만추자이분성격좋으실거같음약간의리있을거같음
38,가현씨김치딱예쁘게먹네요뒤적거리지않고집은건바로들고가는거완전칭찬해요~~^^잘먹는사람이깨끗하게도먹으니까더복스럽고예뻐요^^
39,부도젤리살많이빠졌어여ㅠㅠㅠㅠㅠ홀쭉해지셨져ㅠㅠㅠ
40,구도가현(님)+기출누나+추자누나먹방조합너무좋아요저도트러플짜파게티먹어봤는데별로ㅠㅠ
41,배고파....밤에보니까더배고프네..
42,기출언니음식깔끔하게먹어서넘좋아요.😍
43,먹방은가현이랑기출언니가짱!!
44,내가젤루좋아하는언니들세명모얐졍개조아
45,이거보고쿠팡에서트러플짜파게티결젴ㅋㅋㅋㅋ
46,지금배경도좋지만예전에그뭔지모를이상한병풍이가끔그리워요ㅋㅋ
47,농심이네패쓰
48,이거보고짜파게티끓여먹음짱나네내다이어트....
49,기출언니땡초넘맛있게먹는다♡
50,ㅋㅋㅋㅋ건더기쫑깃는거
51,부도젤리님목을줄아시네ㅎ
52,추자언니한입먹고바로토스𐨛𐨛𐨛기출언니가현이먹방조합너무귀여움𐨛𐨛𐨛
53,미모디집아지는셋이모였어ㅠㅠㅠㅠㅠ💓
54,기출언니쉬는날은언제예요?
55,기출언니다그냥말안해도웃겨~~~짱좋음~~~😍😘
56,가현이치즈우아하게뜯네ㅋㅋ새침해
57,가현이립꼬리햇어요?이쁘다요
58,2:12가현언닠ㅋㅋㅋㅋ치즈겁나엘레강스하게넣으심ㅋㅋㅋㅋㅋㅋㅋㅋㅋㅋㅋ
59,일단먹방어영상올라오면가현님있나확인한다구여ㅠㅠ
60,와ㅠㅠㅠ기출님하고가현님진짜맛있게먹네용💗이거보니까저도짜파게티가먹고싶어졌어요ㅋㅋ🤤
61,사발면하고봉지라면하고는당연히다르죠..비교하면안됨..봉지라면은봉지라면맛그대로사발면은사발면맛그대로...
62,언니저이영상보고짜파게티사러갔다왔어요.....
63,추자씨가추천한짜파게티에땡초그게레전드인데...
64,다이어트중인데썸네일보고바로물올렸어요🤦‍♀️
65,추자언니기여ㅋㅋㅋ내스타일아니네요ㅋㅋㅋ그와중에가현언니치즈뜯는거시강
66,02:04한입컵ㅋㅋ02:20내스타일아니네요ㅋㅋㅋ
67,가현님옆에서치즈뜯는거ㅎㅎ너무귀여우셔~~~ㅎㅎㅎ
68,이트리플조합사랑해
69,기출언니맨날먹어요~~ㅎㅎㅎ좋아요~~♡♡
70,"우리먹방계샛별ㅋㅋㅋ가현언니ㅋ짜빠게티컵라면뿌수고,라면짜빠게티휘감는저손목스냅찰진거보소❤️매력터져..!!ㅋ여자는잘먹어야지복스럽지깨작되면매력없쪄ㅎㅎ나는정말언니넘좋다ㅋㅋㅋㅋㅋ가현언니살쪘다하는분들,모가지다쥐뜯ㅋㅋㅋ"
71,소나무송진ㅋㅋ
72,가현이진짜매력터진다
73,추자님~잘챙겨드시고아프지마세요...❤️저도그냥짜파게티먹을래요^^;
74,저도누나방송보고다음날사먹었는데저는맛있게먹었어요!!꾸덕꾸덕좋아하시는분들한테추천이요!!
75,긍데보면서도짜파게뤼먹방이맞는데나능왜쌈장먹방으로보이지요?무슨쌈장을국자로ㅋㅋㅋㅋㅋㅋㅋㅋㅋㅋㅋㅋㅋ
76,다~좋치만그래둥저능ㅎ추자옹뉘랑♥기츄리옹♥채널만기다려져요ㅎ
77,진짜가현언니땜에다이어트폭망.오늘썸네일에안보여서설마이먹방에빠졌나하는실망감아.시.겠.어.요?근데나오니까세상기분좋은내맘아.시.겠.어.요?가현언니먹방땜에진짜하루하루추자언니채널정독🙊
78,2:59부도젤리첫입
79,오늘야식은짜빠게티에다가후라이1개당첨이요~~♡♡
80,아니ㅋㅋㅋㅋ추자언니네에가현인보물이야..먹방을어쩜저리오물오물잘하고말도잘하는지...진짜썸넬에가현이없다가나오니까개반갑네ㅠㅠ
81,으억시추자언니ㅋㅋㅋㅋ6개ㅋㅋㅋㅋㅋㅋㅋ
82,가현언니우아하게치즈찢어서넣은거봐><
83,기출이언니잘드시네요~~^^
84,최고당❤️
85,가현이누나오셨다보고싶었는데ㅠ
86,이게진짜나왔네욬ㅋㅋ
87,오1등..언니넘이뻐용
0,지금끓이로가시나요?!일요일엔내가짜파게티요리사~
1,트러플향이낫긴낫군여ㅋㅋㅋㅋ총각김치와의조화가개꿀ㅋㅋㅋ와삭와삭소리도좋네여
2,헛..밤이네요.위험하게봤네요.아~~진짜위험수위높습니다.ㅎ
3,저는트러플완전호입니다~!!!요즘음식해먹을때트러플오일촥촥뿌려먹어요~ㅎㅎ너무맛있게드셔서짜파게티하나해먹어야겠어요ㅋㅋㅋㅋㅋ
4,"저도집에이거사놨는데,바로물끓여야겠어요🤗"
5,좀퍽퍽해보여요~물을좀더남기시면더좋을듯~
6,안녕하세요와맛있겟다저도먹어보고싶으요구메했어먹어볼께요
7,농심트러플짜파게티는처음인데맛있어보이네요.카스까지캬~~~시원하게한잔들이킨다음쭈~욱끝내줍니다.즐거운일요일되셔요
8,트러플짜파게티드시는모습뵈니저도무지먹고싶네요반갑습니다다른방댓글보구인사드리러왔어요자주찾아뵙겠습니다
9,넘퍽퍽하게만드신거아님?
10,트러플짜파게티!처음들어보는데비주얼좋은데요.짠짠스~~.계란후라이랑먹는짜파게티먹고싶은충동이이는데요.근데이제부터면만먹어요?채널명이바뀌었는데...채널명바꾸니까알림도다없어지네요.다시설정했어요.휴일재충전하고앞으로고고!!
0,아~~짜빠게티에트러플오일뿌리면맛있다던데그런수고없이세트로나왔네요ㅎㅎ물김치시원하게보여요ㅎㅎ한번사먹어봐야겠요라면을너무조아해서짜파게티살려다가도손은라면으로가요ㅎㅎ
1,HowcanItryitmyfriend?Itlooksoyummyandchill.Newfriend!
2,덜느끼하군요나중에먹어봐야겠습니다뭐라하지?하는사투리도재밌어요
0,"여러분안녕하세요!!😁오늘영상은말하는목소리가평소보다조금먹먹하게(?)들릴수있으니양해부탁드릴게요!얼마전에농심에서새롭게출시한트러플짜파게티와명랑핫도그를같이먹어봤는데요!일단트러플짜파게티는굉장히만족스러운맛이었어요!솔직히트러플오일이저렴한가격이아니어서짜파게티를먹기위해트러플오일을따로구입하기에는조금돈이아깝다는(?)느낌이있었는데,그문제점을속시원하게해결해준제품이라고할까요?!(광고아니고개인적인의견이에요!)하지만트러플오일을따로구입해서직접넣었을때만큼맛의풍미가엄청깊거나하지않고가볍게즐길수있는정도였어요!아마도대중적인맛을내다보니깐오일을적당량만사용한거같아요!그리고명랑핫도그+핵붉달소스는생각보다엄청나게찰떡궁합이었어요!두꺼운빵이랑모차렐라치즈가핵불닭소스의매운맛도어느정도잡아줘서기분좋게매운맛을내주더라고요!마치엽떡중간맛정도국물에핫도그를찍어서먹는그런궁합이라고할까요?!앞으로자주이렇게먹어볼거같아요!ㅋㅋㅋ그럼오늘도영상보러와주셔서정말감사드리고좋은밤되세요!!🙋----------------------------------------*트러플짜파게티=1,250원(1개)*통모짜핫도그=2,000원*고구마통모짜핫도그=2,500원*감자통모짜핫도그=2,500원----------------------------------------Thankyousomuchforcomingtoseemeagaintoday!😁-Terimakasihbanyaktelahdatanguntukmelihatsayalagihariini!😁-今日も私を見に来てくれて本当にありがとう。😁-Hômnaycũngcảmơnvìbạnđãđếnxemtôi.😁-ขอบคุณที่มาเจอฉันในวันนี้นะคะ😁-Graciasporveniravermehoy.😁"
1,오늘씀네일쵝오다ㅋㅋㅋ
2,AlguienhablaespañolaquísoylaúnicarespondeSíguemeenmicanal😳
3,Thisishowmanypeoplehungrywhilewatchingallasmrormukbangsvideos👇
4,Likesihablasenespañol👇Osoylaúnica?
5,Him:ItsnotveryspicystartslaughingMe:Takesonebitestartscrying
6,Aalguienmásseleantojó?🤤❤️
7,Soquemébrasileirodeixalike
8,nosesisoylaunicalaqselehaceraroqestecomiendohuevocrudo😅👇
9,Omggggwhoelseisstarvingwatchingthis😩
10,I'mprettysurehemeantrawthanrotting
11,Likesiteparecemuybuenohaciendoasmr😘
12,Yangorangindonesialikedong
13,Quehambrequemedio😂
14,"I'mcryingwhilewatchingthis,Iamsohungry.......😭😭"
15,Me:wowthatlooksgoodHim:Ireallydon'tthinkuwilllikeitMe:yeaiwillAlsome:getsnoodlesgetscorndogherewegoMe:triesnoodlesdiesfromspice
16,Yangorangindonesialikedong
17,Diosesoestámuyantojable!😋🤤
18,IneedtocometoKoreatoeatallofthesewonderfullfoods😍😍
19,Gongsamilikeyourhairstyleitskindofcute🌼
20,AfterwatchingthisI'msohungry......
21,Heshereenjoyinghisfoodandimherestarvingmyassoff🤣😭alsoidontknowwtfishesayingbutitmustbefunnycusehislungeing
22,Heydudethewayueatmakesmehungryevenmore🤤
23,"Indonesia:""timnelenludahmanasuaranya""?Korea:""침은어디서소리를내나요"""
24,“It’snotveryspicy”Me:HOW-
25,卵黄を腐って食べるととても美味しくなります😇
26,Какможноестьсырыеяйца...
27,うわぁ😍美味しそう‼️
28,구도랑배경바뀌신건가요...전이훨씬좋은데..뭔가이공삼님같고좋았는데지금은좀그냥흔한먹방구도인것같아요앞에막쓱쓱하면서봉지에서핫도그꺼내는그런섷두...저만이런거면죄송함미다
29,شوفاناعربيهولايهمنيمافهمتشمافهمتشانااحبكتحدياندوميالحارالكوريالجزءالثانيمهمنيشبالعربيهوانامانيشقدربالعربيهانا
30,Parecequeeleficouuns2mesessemcomerkkkkkelecomerápidodemaistaatémedodeseengasgarkkkkk😂😂
31,Him:mixingallthefoodtogethertoseehowittasteMe:sameBrother:youweird
32,얼마전까지촬영했던벽돌배경이더괜찮은거같아요지금은어두워서별로..
33,OmghowcanueatthatraweggomgIcan't
34,DamnnnnASMRpeoplebeeatinggoodnglanyoneelseagrees?
35,Him:*eatslikeitsnobigdeal*Me:*watcheshimandtriesthefood*Alsome:*diesofspicyfood*
36,4.05whenhegotallthatspiceonhislipsIfeltthepainlol
37,0:19Subtítulos:hoycomeremosalgodónYo:noqueeraplástico?
38,음식이잘보이는채널은많지만벽돌은이공삼만의매력이었는데
39,I'msohappyeverytimeIseeyourfaceanhhearyourvoice^^Idkwhybutyourfacemakesmefeelpeaceful<3
40,hecutthevideoeverytimeheatethecorndogwiththesauce🤦🏽‍♂️
41,Блинкапецвсекарейцижрутинетолстеют😭
42,"공삼님컨셉왜바꿨어요전이훨씬좋아ㅠㅠㅠㅠ일부러공삼님꺼보러왔는데,,,ㅠㅠㅠ엉엉다시바꿔줘요"
43,공삼님의음식세팅은정말깔끔하며..얼굴도깔끔하시며..깔끔하고맛있게드신다..구독자가안늘수없지하지만벽돌이너무아쉽숩니다ㅠㅠㅠ❤️
44,"Сижу,слюнямидавлюсь(("
45,ياخيحيوانمايستحي🌚.بساحبه🌚💕
46,Egg+noodles😞
47,"Hi!GongSam,I'mfromThailand,I'mveryhappytoseeourlanguageinyourChannel😊butcanItellyousomethingabout""นะครับ""and""นะคะ""inThailandMenisuse""นะครับ""andWomenisuse""นะคะ""thatallaboutIwilltellyou😊,butthankyousomuchforuseourlanguage!Iloveyousomuch.💙"
48,Whyiwantowatchthisvideo??Theymakemehungry
49,At3:12IfartedandlootwhathesaidlikeifyougetthejokeXD👇🏼
50,afterapoint..itlookedlikehewaseatingbloodandintestineswithbrains...XD
51,I'mhungrynow😂😂
52,IWANTTHAT!
53,1:37콜라따르는표정잘생김폭발
54,誰ととは言わないけど、サムネの感じとか似てるよね。(分かる人には分かる)
55,와노른자터뜨려서비빌때소리..꾸덕함폭☆발☆앞치막묶는비장함넘좋아유♡♡ㅋㅋ계속넣어주세요!!오늘도사운드굿👍👍
56,Quelindoereesmeencantacuandosonríes😍
57,Ushouldhaveputthenoodlesinthecorndog
58,Ithinkheloveeggssomuch😂😝
59,먹을줄아는분!!
60,whyarefoodASMRsinmyrecommendationswheni'mhungry?wHY??
61,흐엉ㅠㅠㅠㅠㅠ이렇게맛있어보이는데왜구독자가안늘쥬!!??!!?
62,Yousohandsomeandcute😅😅cute😍😍
63,나썸네일보고트라플짜파게티와대왕통모짜핫도그인줄..
64,"공삼님혹시천러라면이라고,,라면에마라소스넣어서먹는거있는데드셔주실수있나용ㅠㅠ레시피는유튜브에검색하면나와요@.@!!너무너무궁금한데공삼님이드시는거보고싶습니다ㅠㅁㅠ"
65,ALGUEMDOBrasil?Mininocomocomcauma
66,Wheretherice>:v
67,와썸네일완전역동적이네요ㄷㄷㄷ홀린듯클릭했습니다👍👍
68,之间了解我了吧我去找你们了么了吧的吗的时候你的头像了😊❤️
69,ItriedthisIscreamdatthetopofmylngs
70,2:35속보입니다지금계란하나가묻히고있습니다신속히처리부탁드립니다
71,Whoelsewasstarvingbutafterwatchingthisyouwanttovomit🤔
72,You'relikezackchoiceASMR
73,나는한국을먹는것을좋아합니다🍜💘나는사우디아라비아에서당신을따라💚🇸🇦
74,Yourstomachisverylargewhy
75,Soylaúnicaquehablaespañol
76,Youdidagreatjob.Verynice.Thankyouforsharingandinspiring.
77,Thatsoundofcrunchy.....ohLord..blesshim😣
78,Otheryoutubers:thisspicysauceisdeliciousshowsathumbsupMe:*triesthesauce*Momineed100galonsofwaterplsss
79,ㄴ묨ㅔㅑㅜ햐ㅜㅏㄷ책도ㅅ메ㅐ하여혐ㅕ뭏
80,Ilovethewayyoupreparedyourfoods!😍watchingfromPhilippines.💕
81,🤑Ilikethatfinsound
82,Idkbuthehasthoseperfeeectteeth:')
83,Newsubscriber😄ilikeurvideos!keepgoingthatway💕
84,Estoyreciénoperadaymirandoestosvideosjajajameencantanmuchomeantoje😙🍗🍗🍲
85,Mom:areyouhungrynow?Me:noMom:whatshouldidonow?Mom:watchasmrvideosMe:mommmmiamstarving
86,asmrかいのなかでいちばんだいすき
87,소리와목소리가아름다워요Good멋지다!!^^👏
88,Esnormalquererverestoenlanochecuandonohaynadaquecomer.Amotusvídeos《SEVA》♡
89,다시벽돌로요ㅜㅜ이댓만2번째ㅜㅜ
90,Amasterpieceandsobeautiful
91,와처음으로10초이상안넘긴영상이닼ㅋ
92,食いっぷりがいいなー！笑綺麗に食べてるところを見るのも好きだけど、豪快に食べてるのも好き！
93,WhattodobetteronuronlyeatingwaterFor1weekWatchHIMITSSATISFYING♡
94,اكوعرببالطياره🤔🤔
95,I'mhungry=~=(Wibuliatiniyanghanyaberpengalamanb.Inggris):v
96,theenglishcommenturlookingfor
97,추ㅗ야랴ㅑㄹ999990라어ㅗ토오ㅗㅊㅎㄴ효유로ㅗ여여러래해ㅡ하
98,givesmehwasafrommamamoovibes😂
99,Thathaircutthough🤣
100,Thisiswhyhekeepsegginnoddles
101,11:167w7😍그의하하하목소리가떨어졌다😂🌹
102,1:01quieroeso:'vvv
103,오늘도미쳤군요..하ㅜㅠ
104,하아.....진짜이분을구독해야되나말아야되나지금도구독하고안보는분들이있어서심각한데하아결국눌러버렸다진짜맛있게드시네.....
105,"안맵나,,하,,"
106,공삼님ㅜㅜ진짜일주일전부터매일봐요❤️❤️❤️소리도너무좋고한입한입와앙들어가는게넘보기좋아요흥하세요!!!!
107,명량핫도그만한번먹어주세요ㅠㅜㅜㅠ
108,Loveyoufrommizoram❤
109,그전벽돌배경이더조은거같아요ㅠㅠ
110,면후루룩...드셨더라면더좋았을텐데...아쉬워요ㅠㅠ
111,日本語の字幕を付けてくれてるおかげで見やすいです。👍
112,5:30لججادخليبحلگي..مااابدددييي😂😂
113,美味しそうに幸せそうに食べるので好きです♡
114,0:54뭐지저껍데기같은거
115,처음시작할때Zachoi님오프닝이랑흡사하네요~~😆
116,Semehizolabocaaguassoloeescucharesesonido🔊😏🤤🤤🤤🤤🤤🤤🤤🤤🤤🤤🤤🤤🤤♥️🤤🤤♥️🤤🤤♥️🤤🤤🇨🇴🤤🇨🇴🤤🤤♥️🤤♥️🤤🇨🇴🤤🇨🇴🤤♥️🤤🤤🇨🇴🤤🇨🇴
117,공삼님~~~~전벽돌배경이없어도좋구있어도좋아요화이팅🥴❤
118,피드백인것처럼댓글다시지만너무공삼님을생각안하고댓글다시는거같은데공삼님마음도다시한번생각해주세요
119,おなかすいてきたぁ。
120,IcantasteyourfoodfromhereinthePhilippines🇵🇭😊
121,Englishhasleftthechatlol😅
122,항상자기전에보는데...너무먹고싶은거ㅠ있죠ㅠㅠㅠ소리가너무좋아요!!💜
123,공삼님제발다시벽돌배경으로바꿔주세요ㅜ밝고따뜻한느낌의벽돌배경이공삼님의가장큰특징이었는데이젠너무평범해진듯해요ㅜㅜ
124,왜항상배가고프는지모르겠어요😭😔👇🏻
125,Toptaamo💜euBrasil
126,안녕하세요너진짜대박베팅💖
127,Quehermosoes♡w♡
128,벽돌ㅠㅠㅠㅠㅠㅠ어디갔어요..
129,10:42초잘보면얼음까지않십고드신거같은데ㅎㄷㄷ
130,왜요즘영상이안올라오나요ㅠㅠ하루하루기다리고있습니당ㅠㅠ
131,"ㅁㅡㄷㅑ,므댜ㅡㄷ느ㅐ,먀ㅜㅇㅁㄷㅡㅕㅐ새ㅣㅐㅑㅜ애ㅑ머더먖"
132,Assistiovideotodoemedeuumafomekkkk😋🤗
133,"EreselmejorsaludosdesdeColombia🇨🇴,porciertoquelindoeres😍"
134,AmItheonlyonewhothinkhelookslikejiminSpeciallywhenhelookdown
135,You'refinallydonewithit.
136,이건솔직히화사한테돈줘야함ㅋㅋㅋ
137,물냉비냉먹방도해주세요ㅠㅠㅠ
138,Ahhhimhungeryyyyy!!!!
139,SopresteiatençãoneleKkkkkkamooo
140,이제농심못먹는다...
141,아니공삼님적당히맛있게먹으세요...너무배고파지잖아요...
142,どちらも美味しそう〜❤︎⃜サツマイモの方食べてみたいです(^o^)辛そうなソースも...
143,"anhnàyănsạchsẽhơnnhữngngườitrướcmìnhxem,rấtthíchanhnàyvìtôntrọngngườinhìn...이사람은전에보았던사람들보다더깔끔하게먹고,진짜로이사람을좋아합니다.왜냐하면그가보는사람들을존중하기때문입니다...(sorryaboutthetranslatebecuzidon'tknowkorean)i'mfanfromVN-loveu<3"
144,اللهياخذكجوعتني☹️😂😂😂
145,"너무복스럽게먹으시고너무귀여우세여초심안잃고말잘하고,잘먹든거보면진짜로복스러워용.짱짱맨!!!~~💗💗😍"
146,"유디티+재열카피유디티님팬으로서너무썸네일비슷해요문제가되는부분은아니지만,남의아이디어,남의개성따라하시기보다자기만의방식을찾아나갔으면좋겠습니다."
147,Estosvídeosmellenantanto¡!♡
148,Howhestillskinny😂
149,진짜너무조아해요ㅠ진짜완전팬대써요오ㅠ몇개월전부터조아했능데중간에잘못봐서다모아볼꺼에여!ㅠ징짜목소리랑플레이팅하는거먹는소리웃는거다조아요ㅠ징짜초등팬하나늘으셨써요옹ㅠ❤❤❤
150,공삼님나혼자산다에서화사가먹은간장국수하고어묵이넘치는국물(?)떡볶이먹어주세요^^
151,🤣🤣🤣🤣🤣Yourhairisreallyfunny😄😂
152,"Yourvideoisamazingandawesome,Iwanteatthisreally"
153,AlguémdoBrasilae?Kkk
154,Whatabigstomachhehave
155,😦how?!
156,น่ากินจังเลยค่ะ😄
157,와우맛있겠다👍나는좋아한다😍
158,"핫도그땡긴다,,내가유일하게구독하는먹방유튜버🥰역시맛있게드시네요허러허헣헣"
159,thisistheenglishcommentyouhavewaitingfor
160,Omgiamconfusedhowcantheyeateaweggsurgh
161,다음에능마라치킨어떨까여?
162,공삼님얼굴에초점이잘가지않네요ㅠㅡㅠ
163,저도먹방찍을까하는데요ㅋㅋㅋㅋ
164,먹.ㅡ고ㅡ싶다ㅏㅏ
165,오늘처음보는데너무맛있게드시네요좋아요구독누르고갑니당
166,Sóeuquefaloportuguês?
167,ช่องนี้มีมารยาทมากเลยครับI'mfromThailand🇹🇭
168,Yum😋looksdelicious
169,그리고공삼님이왜구독자가잘안올라가는건지모르겠어요100만아니1000만까지도무난하게갈수있는분인데공삼님자신감잃지마시고이대로계속가주세요언젠가확올라갈거에요그럼안녕히게세욧!!
170,前の方が好きやったな…
171,Justaenglishcommentpassingbye:)
172,ماأطيبااااا⁦❤️⁩⁦❤️⁩⁦❤️⁩⁦❤️⁩
173,It'slookssodelicious!
174,밤에몰폰하고있는데이거보고먹고싶어서밤에몰래짜파게티끌려먹다들킴ㅋㅋ
175,신라면건면도엄청맛있다는데그것도리뷰해주세요!!
176,I’msolovingthesecheesepulls!Whatafantasticcombo😍
177,공상님진짜유튜브잘되셨으면좋겠어요!초심게속유지하셔서100만까지가면기쁠거같아요
178,Brasil🇧🇷
179,Tebientiktokdejencorazón❤❤❤❤
180,Doeshehaveastomach🙄
181,Tqforthesubtitlebtwifrommalaysia
182,Sielfueramujerlediria:Yo:Diablosseñoritaustedsiquepuedecomer
183,اناجوعانة😂😂🌹🌹🌹💖💖💖💖
184,"офигеть,какможетстолькоедывместиться?!"
185,IamhungrywhenIseepeopleeatinfrontofme
186,AgaleradoBrasiltbmtápresente🇧🇷
187,"Greatvideo,Ilikeit."
188,Thislookedsooooooooooooooooooooooooooooooooooo🤢nastyuthoughtIwasganasaygoodoryummyitlooksdisgustingbesidethesauce
189,哈腰v案给i比因而思念i撒了拉黑啊民扭扭捏
190,"Eresmuydivertido,meencantakcablesmuchoynosolocomiendoyya,esbuenosocializar;)"
191,Whowacththisat2020?
192,Esseéqueijomandaparamimumdesseaidoutimoeuquero
193,너무맛있어보여요...담에저렇게먹어봐야겠어요!!
194,QwrDYicsrhhsaidthattheoldestofthoseweretheoldestchildreninAschooldistrictandyourparentshavealotofexperiencewiththeabilityandtheabilityofaveryyoungadultandtheparentsofallagesandgrandchildrenandgrandchildrentolearnabouttheirchildreninadifferentwaythantomaketheirchildrenhappywiththeworldandtolearnhowtheyfeelandwhattolearnandtobesuretoشيمقزز٩🤢🤢🤢🤢🤢🤢
195,이영상보고구독누릅니다
196,At5:26that'slitterlydeathrightthere💀☠
197,공삼이플래이팅도잘하시고소리도좋고잘생기시고열심히하고맛있게드시는데......구독자수가왜안늘지....?????!!!!!
198,Amoseusvídeos..
199,Ostnithefirstonehut
200,WhofeelSTARVINGwhilewatchingthisvideo?😕😂😂
201,EventhoughIdon’tspeakyourlanguageIlovethis💗
202,YouarespicyMenxd
203,youaresocute😭
204,아귀여웡
205,ЭТОПРИЯТНОНОЭТОНАЗЫВАЕТСЯОБЖИРАТЕЛЬСТВО
206,Elecomimuitonseicomonengorda😅😋
207,sabendondeseconsigueesasalsaaquíenmexico?saludos...siguemeenmicanal....saludos...
208,Vcelindo♥️
209,Noesbuenaideaverestoconhambre:(
210,공삼테이블노래듣구시퍼유ㅠㅠ중독성짱
211,Imscaredlookthatsouce
212,혹시짜파게티조리법좀알려주실수있으신가요?너무맛있게드셔서ㅎㅎ
213,이것은인도네시아어텍스트를추가하여침을흘리게합니다.
214,Bunasılyemekyemeabiyakaçgündüryemekyemion
215,진짜사람이저렇게행복하게먹구나라고생각이드네요
216,AlguémdoBrasil?
217,SoyElunicoaqui:'''v
218,Thxyouiamfromindonesian🇲🇨🇲🇨🇲🇨
219,gottabekiddingmeit'saraw
220,Nointrotoday??😭😭😞
221,つよいねーーー(*⌒３⌒*)
222,Wowsubtítulosenespañol❤nuevosuscriptor👍
223,원래먹방은떵*님밖에안봤는데최근들어서유디*님공*님홍***님을보고있네요다들너무맛있게드시는거아닌가요ㅠ.ㅠ
224,"면비비는소리취저,,핫도그도너무바삭바삭해보여여ㅠㅠ❗️음식빛깔도너무영롱보스한게정말루오지네용,,그런의미에서마라탕먹방도한번해주시면안될까요?ㅠㅠㅠㅠㅠ마라탕체고,,,,😍❣️"
225,¿¿¿mipreguntaesporqueteponeselsituroncàfe
226,Lindo😍
227,Knkbismillahdeyoksadoymaysın
228,착하셔^^
229,오늘밤야식은짜파게티로결정했다!!😎
230,Tôithíchtấtcảvideoscủabạn나는모든비디오를좋아한다😍🤗😊
231,뭐야왜더잘생겨지신거지ㅠㅠ?!
232,저처음보는데재밌어요그리고되게착하게생기신것같아요착한거맞죠?
233,Omyiwanttoeat
234,유일하게보는ASMRㅎㅎ😍😍
235,약간역겨운건강관리😲😲😲😲😲😲😲😲
236,모짜렐라치즈먹방해주세욥!
237,"ВоттытамвКореежрёшь,аятутвРоссииголодная:<"
238,명량은맛은모르겠으나크기가딱고정되서뭔가맛있어보이는게있는거같음다른일반매장보면모양울퉁불퉁해서ㅎㅎ
239,공삼님영상에해시태그도넣으시면유튜브에검색했을때더많은사람들이이영상을볼수있을거에요!빨리유명해져라공삼님!!
240,Cuteoppa<3
241,Yomepreguntocuandoveosestosvideos2COSAS:comocomolayemacruday2porqueestoyviendoesto
242,Aguanteelguisodelentejas:D
243,라면썩는소리가ㅋㅋㅋ마크에서흙파는소리임ㅋㅋㅋㅋㅋ레알첨부터다시들어보삼ㅋㅋㅋㅅ
244,엄청맛있게먹어꼭먹고싶어지고소리도엄청좋아요역시먹방에는이공삼테이블이짱이에영
245,6:28😋😋👍❤
246,おいしそう!
247,อ่า~~~~~~~~~~
248,핵불닭명랑핫도그가뭔가했더니ㄷㄷㄷ
249,Whatsupmen🤘
250,哦图了洒脱卡号
251,Hablenespañolnomamen🙄
252,Lovenoodles
253,자도오늘트러플짜파게티먹었는데진짜존맛이더라고요전갠작으로파김치랑먹는거되게좋아해서담엔파김치도같이!
254,안매우신가요?ㄷㄷ
255,ComeandtakemetoKorea
256,isthisyourfirstvideo?w
257,한국
258,꾸떡꾸덕바삭바삭소리너무좋아요👍그와중에멋있으세요🥰🥰
259,"아어앙아아아명량핫도그일주일째먹고싶은데도참고았었는데....!!!!ㅠㅠ전철인데군침나와요..,흐엉"
260,혹시발음은일부러그러시는건가요??아님원래...?~해쓰요이런식에발음이셔서여쭤본거에요단지그냥궁금!
261,¤‰€°€‰€°€¤°€‰£±£‰€>®<*£kshslshslahKaha
262,MANCHUTUCOMEAGEMACRUA?
263,isthesaucespicy?
264,좋아보인다.나는asmr을좋아한다.나는그것을좋아한다.❤️
265,พี่ทำเองใช้ไหมค่ะ😂😂😁
266,Meentroambrexd
267,짜파게티먹고싶다...
268,Sonlas6amyyoconuchaambreviendoestosvideosquesequemedanmásambre:'V
269,ㅎㅎ...
270,每次看到這個我都會餓死
271,조합최고예요...ㅠㅠㅠ공삼님이세심하게영상신경쓰시는부분들에는항상감탄하게되네요.전공삼님이짜파게티드실때마다뭐에홀린것처럼바로영상재생버튼을누르게되더라구요😂😂😂
272,Yavrumannensanayemekyedirtmedimiküçükkenazsakinye
273,كلمقطعاكلاتفرجوادوراذافيعربيتفرجونفسالمقطع
274,SaludosdesdeEspaña
275,"이봐,너는머리가길어서음식에빠지지않을거야?"
276,와우역시공삼님
277,いいなー
278,不細工すぎるかも……
279,انامابفهملغتكترجمالفيديو🙏اناعربيةمشكوريةاويبانيةاوصينية🙍
280,Coolgongsamtable🤟🏻👍🏻
281,여기밑에댓글들중에피드백인것처럼지적한다는댓글과그냥보라는댓글이있는데초심살짝잃으신것같아걱정되서하는피드백들인데그냥지적하지말고아무생각없이보라는댓글은조금황당하네요‥댓글들보면둥글게피드백주셨는데‥‥공삼님5000명때부터봐온덕자인데초심살짝잃으신건맞아요‥피드백도필요한걸요‥
282,Isitspicynoodles?
283,다이어트포기
284,HowmanypeoplereadwhatheputJustmeOk;-;
285,Whoelseiswatchingwhileeatingbutyoustillgethungry?
286,마싰겠다
287,Omghe'seatingrawegg
288,Thesevidsaregreat.
289,그사운드님말하실때자막도넣어주시면안되나요?ㅎㅎ그러면보기편할거같아요!ㅎㅎ
290,ㅠ요즘먹방영상보면다꼭꼭씹지않고드시네
291,"나는그음식을좋아하는데,비디오를볼때마다배가고프다"
292,اكوعرابهنا🥺🥺🥺
293,ฉันคนไทยแลนท์🇹🇭🇹🇭🇹🇭
294,Naaysß❤
295,OiBrasilkkkk
296,พี่รู้จะภาษาไทยได้ยังไงเหรอค่ะ
297,꾸덕
298,สรุปพี่เป็นคนไทยปะครับ
299,어쨋든봄이오긴오지빠그!
300,ohmygod
301,คนไทยขอเสียงหน่อยครับ
302,아니진짜매번조합을이렇게찰떡으로맞추시면어떡하시는거죠진짜...
303,Nuevasuscriptora🤭
304,"1,725,457วิวแร้ววว💞✌️"
305,Lobuenoqueestamadretienesubtitulosnoentendianada:v
306,아니면여자친구가해주셨어요?
307,IshegettingAbusedlikeKateyup?
308,"noteempachas?:""v"
309,이공
310,"~سسسمممممممججعتتت!!!""~💔😭😭😭😭😭"
311,Ifeelveryhungryafterseethisvideo
312,Brothatisnotevenacookedeggeww
313,"아입벌리고먹는거진짜별로,,,,;이런건피드백안해주나요?전부터이말계속나왔던거같은데"
314,apaakudoangygorangindonesia..
315,ㅃㅂㅈㅈㅈ
316,Wow.
317,왜과자씹는소리가나지..
318,화장하셨어요?
319,Nomegustaelhuevoperosemirarico.♥️
320,esasyemaslocojajajaja
321,とても辛いとか言いながら辛くないは笑
322,Loveyourhairstyle
323,공삼님~~~맛나게드시는모습이며사운드며그저사랑입니다🥰앞으로도먹방많이많이보여주세요~~~내일둘다사먹어야겠어요!
324,HIIMCANFROMINDONESIAASMRTHEBESTWKWKBTWADALAGIGAKNEGARAINDONESIA😂😂
325,可以吃小聲點嗎
326,Isthateggraw.......iwwwww😲😲
327,치즈일부러늘리는거같아서더러워보인다
328,먹뱉너무티니
329,めちゃくそ辛そうな赤瓶のやつを笑顔で鬼のようにかけてる人見ると狂気の沙汰と思うけど、でもなんか美味しそうに食べてるからそんなに辛くないのかなとか思っちゃう。辛いの平気って才能。
330,Youareafood-Smartyboy
331,이유트버인성은?높을수록좋습니다ㅎ->
332,انيمسويةرجيمجعتوالله
333,WoiNetijenIndokeluarlahkeleanwkwkwk
334,LooksprettydeliciousIlookandhungryagain
335,Yema🤤
336,너무흔해진것같으면조용히구취하고꺼지든가벽돌배경되돌려놔라심지어음식보여주는방식도트집을잡네ㅋㅋ구독자들좋아하는걸괜히바꿨겠음?공삼님도생각이있어서바꾸신건데피드백이랍시고계속배경트집잡는것들진짜어후ㅋ적당히해라구독자가뭔벼슬인가
337,Nevertriednoodleswithraweggs
338,Raweggs?
339,OhYeahVietnames
340,Ilovethisvideo😊😊😊
341,Dengansauspedaseluorangindonesiaataukoreasih?
342,Canımçektilan...
343,soyunasubscriptoraDominicana😺
344,Canitstomachcontrolspicy
345,ASMRじゃなくね？
346,어쩜이렇게화질이좋을수가음식이확사네요
347,공삼님은핵불닭소스를아무렇지않게드시네..ㄷㄷ
348,음공삼님은너무이런종류만드시는거같아요
349,ويعهيأكلكونعساكماتاكلاكلعساكتآكلاكلفيسمويعهحتىمرض
350,Comoobrasileiroentende:ashiculikuasigakirumatchikatokokunavara
351,I'mcuriousofthecorndogiftheyhavehotdoginsidethatcorndog?😍😍
352,Alguemdobrasilporfavoralguemfalabrasileiro?
353,واللهالاكلحلوكتيربسليشحطيتصفارالبيضمقزز
354,Yolcumillletisizeyatimqalmis🤢🤢🤢🤢🤢🤢
355,WhatkindofNudelsarethoseandwherecanIbuyit
356,HioppaloveyoufromIndonesia😊😊😘
357,يااميشهيتنياللةيأخذك😂😂
358,ฟังไม่รูเรื่องเลยค่ะ
359,بيضمعالنودلزمرهوحدهههالحمدللهوالشكر
360,????mipreguntaescomoaguantaslopicanteyoestuvieramuertayatelojuro
361,Blackbeannoodlesis🖤
362,好噁
363,IsitweirdthatIputbutterinmynoodles?🧐🤔😏
364,昼食として食べる相談
365,Banddeutsch😂
366,Yoabloepañolalguienmásosoyelunico
367,아니아니..:;그했으면요화장을
368,Howdokoreanpeoplehandlespicesogood
369,Alguiensabecomosellamanesosfideosydóndepuedoconseguirlos?
370,大乱闘
371,공삼님이구독자가올라야이잼나는영상을다같이볼텐데영상구성이참알차염
372,Traesunmicrófonoenlagargantaoqpdo:vvv?
373,Oyeteascomidounpelo
374,Telurnyamasihmentahya
375,반먹은클립을만들어야해.
376,น่ากินสุดๆไ
377,JustlikeZackChoiasmr
378,أنتكيوتأحبقناتكبليزقلب😘
379,Isthatsugarorsalt?
380,HelloIamfromVietnam🇻🇳llikechannelbecausefoodsyummy😋goodbye👋
381,Dondecompraraesacomida?
382,"한번도댓글안남겼는데첨으로남겨봐요!다이어트하느라맛난것들못먹는데매일공삼님영상보면서힐링하고있어요!플레이팅부터사운드,메뉴선정까지매번고민하시는게느껴져요!그래서이렇게좋은영상이나오는거겠죠?구독자들많이늘어서더대박나시면좋겠어요!!ㅎㅎ"
383,Hello;(
384,น่ากินสุดๆ
385,如果他们吃得太可怕了
386,물회먹방좀요
387,Quericoamisemeantogo🙉
388,와..미춋다조합..쭉늘어나는치즈하며..조합너무좋네요👍👍👍
389,kirakiraberpahariyabarumakan?🤣🤣😂🤣😂
390,지금먹고싶은데못먹는사람
391,LaprimeraesaquellaquesecomiósemeantojóDalelikesiustedesquisieranteneruncanaldeYouTubeyquisieranserricos😁😀😊😃
392,Wawdiabisabahasaindonesia
393,나는당신의비디오를보는것을좋아합니다
394,1:12😋😋😋👌🏼
395,sinonoypijanpatadyaknmanakokuntingtulonglangpo.
396,わwけれn
397,WongJowoLike
398,Seriamassaseelefalaron9medosbaguioeescrevessetambémpqfiqueicomumaputafomedokaralhoagorasódevêqueriamuitosaberqporraseraaquelesbaguiosealguémsoubermefala
399,Rawegg?🤔🥚
400,ArtinyaEnaksekaliktepengencoba😯
401,벽돌배경다시안하실거라면..배경색을다양하게시도해보시면어떨까요...?음식에집중되라고검정색하신건가싶은데..답답하고더워보이네요....ㅜㅠㅠ
402,Sayasuka😍
403,IamfromvietnamandIlikeyou
404,와
405,Heateitwithrawegg😱😱
406,HISCHEEKSLOOKSOSQUISHYYYY🐼🐼❤️💜❤️💜
407,^~^😋😋😋😋😋😋😋😋😋😋😋
408,부자가된모든것을갈망하는날
409,areblackbeannoodlesspicy?
410,Theeggyouevennotcookingit😲
411,Finallysomeonethatdoesn’tearrapewithloudslurping
412,น่าอร่อยมาก
413,"Parami,tienesunparecidoajimineldebts."
414,你把它當午餐吃的諮詢
415,NededinkankaanlamıyorumTürkçeknş
416,بتحطوللاندوميبيضني؟!😮😮
417,isblackbeannoodlespicy?
418,อร้ายยมีไทย
419,Yrtheeggsraw
420,",@#$%&'""*:;-,/_@#$-,__;:'""*"
421,0:00alreadymademeHungryTbhEdit:NvmItsrawEggs;-;
422,Vietnam!
423,IMHANGRE🥺😭🍗🍗🤤🤤🤤🤤
424,Thenoodlesaresoooofuntolistento.
425,AllahAllah
426,Loscoreanossonmagos.Veslacomidaytressegundosdespuésyanolaves
427,اللهلايشبعكجوعتني
428,yyoaquitragandoaguaconavena>:v
429,GOODJOOB
430,อยากกินมากค่ะ
431,itskindofannoyingformewhenyoucheesepull🥺
432,Isthatafresheggss?
433,DidIreadthatright?Rottingeggsordidumeanraw?
434,Apacumagueorangindonesiayangnonton?!😂
435,HiIamFromIndonesianIamnocanlanguageenglishsorry(bisasedikitsedikitsaja)
436,بتحطالاندوميبيضني🤮
437,مشتهيتهاللهلايطيك
438,Мнетожетакохота
439,개더러워
440,AlguiendeMéxico
441,Whoactuallywatchedtilltheendfortheblooperslmao
442,Iaminindia.Kerala..Ilikethefood
443,Howbigishisstomach
444,Howhisbodycanhandlethisoverfood😶😶😶
445,Uncockedeggs!!!
446,트러플짜파게티랑명랑핫도구!!❤❤맛있겠다ㅜㅜ..통모짜좋아요ㅠㅠ
447,مدودعلاهتاكلفلعضامنييين😲😩😡
448,ไปอดอยากจากไหนว่ะกูหิวตาม
449,godaladachinbagu:/
450,مينعربي😳
451,NomentiraslodelCanaleraunamentira😳😣Peroyaquisierateneruno
452,çokmidesissiniz
453,"Дакитайцыонитакие,жрутирадуются"
454,❤
455,Don'tkeepmictooclose
456,"지렸다...영상퀄리티,음질아.......맛있겠다😿😿😿"
457,😋😋😋😋IlovetheasmrysalchichasIloveasmr
458,Langsunghabisdongsauspedasnya
459,먹방영상보는특:침을수일때까지보고참을수없으면끝까지인보고바로나감(내생각)
460,검은색배경이라음식이정말잘보이네요벽돌도좋지만이것도괜찮은것같아요
461,Didyoumeanraw
462,Heskipedeating
463,2:19Salmonella
464,AíLove
465,ИМНЕСТРАШНЫЧЕРВИПОТОМУОНИСАМИЕДЯТЧЕРВЕЙ
466,Yangorangindonesialikeya
467,Whoelsewantsomeofthosecorndogafandtheyhungry
468,Turesemplefraimentàj-hopedansBTS💕
469,Zıkkımyeya
470,말을하면한다고뭐라하고안하면안한다고뭐라하고어디에맞춰야하는지고민많으시죠?
471,Sintortillahastayonmms
472,Helookslikeseungmin
473,Wowwsononpepersos
474,당신은좋은요리사이고다른사람들이당신을아주잘흘리게합니다좋아함:Bạnlàmộtđầubếpgiỏivàthíchnhữngngườikháclàmbạnrấttốt
475,DisculpenlaprimerasalchichaUnapreguntaustedeshablanespañolLuffy
476,حراماكللحمخنزير
477,DoyouknowBts?
478,SiapaorangIndonesiaLike
479,pengendoonggg
480,말을잘않하시니깐집중하기편해서좋네요
481,بيضعلياندومييعطيناكبابههههههه😀
482,:v
483,AlguémbrasileiropeloamosdeDeus!!!!!!!!!
484,Itshsoyummy
485,黄身を腐って食べちゃいかんだろう
486,JOJWㄧ
487,유디티꺼그대로따라한거같누
488,我不喜欢这个视频
489,maeungayo?
490,ياخيواللهجوعانةوهسهالساعه4الفجروانياسلوچ🤤
491,Nasıldaseviniyorgaribim
492,GiniYgKuSukaYouTubeerLuarNegeriPakaiBahasaIndonesia
493,きたね
494,Yakyoueatraweggs
495,I’mtheEnglishcommentyourlookingfor.....🤗
496,Passafomedocaraio
497,انااهمشيتكونابتسمهعلىوجهك😉😉😉❤❤
498,Крутомолодец
499,混蛋你去皮
500,منوالييحبالندومياليحبةلايك
501,❤❤❤
502,辛いのすきなの？
503,Tãolindo♥
504,Selamatlagiandamenemukankomentarberbahasaindonesia🙃
505,سرتجيعانه
506,Greatmealnotsogreathaircut..
507,SoYumny😋
508,Deumuitavontadedecomer
509,Howcomeheaddedrawegg
510,اللهلايوفقكانشاءاللهسموزقنبوتمتتمنالجوعيااخيلاونوبالساعه5صبحويناكومحلاتتفتحهسهيربيمتتجوعوالله😢😭🙁🙁🙁
511,Wowasparigood
512,❤❤❤
513,Ooolooksyummy
514,Omg
515,Selamatandamenemukankomenanberbahasaindonesia😂🙌🙏
516,😍
517,こんにちはブラジルから来ました。今日は思いやりを求めてやってみます。私たちのチャンネルにサブスクライブするようになりました。🇧🇷🇧🇷🙏❤️
518,น่ากินอ่ะ
519,بيضعلياندومينيجاhow
520,هاذاالاكلطيبواللهاريدمعكرونيه
521,الليمنمصريخبطلايك
522,HSDPAhi
523,Holacomoestángentebuenvideohacímeabreelapetito
524,حطلايكالعربي😘
525,น่ากิน
526,لاتقولليانهاندوميمعبيضني^-^
527,اكوعرب😂
528,GoroolooSDAcni
529,bangbisabahasaindonesia
530,Whyyouputraweggonnoodle
531,OrangIndonesiaLike
532,oopshotang&mie&telur&saus
533,Siateumikirendogdidaharmentahdeuibelegug
534,اشتهيت😋😢
535,Enakbangetmaudongbelidimanamiesamyang
536,공삼님ㅠㅠ예전벽돌이너무그리워서예전동영상정주행중이에요ㅠㅠ바꾸긴어려우시겠지만가끔씩벽돌로해주시면안될까요ㅠㅠ
537,😂🤗🤗
538,SiapaYgNontongOrangIndonesia
539,Nicefood👌
540,Yuck!!Eggisraw..
541,소리는진짜좋은데..배경이너무검정색이라서어디갇혀서(?)먹는느낌이에요ㅠㅠ
542,Wakalanomuestreslacomidadelabocasóloparaqueseveaelqueso🤢
543,ريتكبلفجع
544,Chochqableeesigirkalla
545,ThisishowmanypeoplestarvewatchinggongsamASMR👇
546,Turklerlikeatsın
547,شلونحطالبيضنيويةالاندومي
548,💗💗💗💗💗💗💗💗💗💗💗
549,احتركوااهلكجاغيرميتهجوع
550,7Gabriel
551,I'mhangry
552,Euaquikkk
553,wangcibautenggongsam
554,CoCaCoLahm...
555,اشتهيتاندوميمتت
556,يااللهيتبدوفيغايةالجمال
557,ちまちま食べないから見てて気持ちいい👍👍
558,🤤🤤🤤🤤🤤
559,AquiestáocomentárioBrasileiroquevocêtantoprocuraKKKK
560,Indolike🙂
561,What
562,Eleétãofofo
563,หล่อจัง
564,Halosemuasayadariindonesia
565,AtquericeRico
566,stopcrossingyoureyesandlookingatyourmouthwhenyoueatweirdo
567,¡USTDESDISFRUTANHACIENDOSUASMR!
568,Ngonthế🤤🤤
569,Buaradaçkykşklsnhee
570,Likesinoentiendes
571,ياخرةشنوهاذه🤤
572,Enakbangettuhpasti
573,بیٹاکیاآپمنہبندکرکےکھاسکتےہومجھےلگتاہےکہوہمجھےخنزیرکاگوشتنہیںدیتاہے۔
574,YouJapaneseorChinese
575,😍😍😍
576,394
577,Sayasukamiehahah
578,Wow
579,Wow
580,جميلجدااستمر👍👍💕💕💕💓❤
581,شهيتنيياخي
582,🤤🤤🤤🤤
583,مرحبابكفي
584,العباسعليكبسلقمه
585,Пищевойманьяк
586,🤤🤤🤤🤤
587,น่าหม่ำ
588,Enakbangettuh😋
589,€€€&£)₩£¥€¥€£¥£€
590,kawai
591,🍻😍👏👌👍
592,Ggsikuyakumain
593,Saymin3achoraharam
594,Jul.23
595,🤤🤤🤤
596,🥴🥴
597,Gongsam
598,مينعربيهونلايك
599,_/_/
600,Wolesnapamukanya
601,🤤🤤
602,LOVE
603,被宠坏的中国人
604,اكو😛عرب😂بلطاوة
605,klongunyahtunggudlubarulanjutmakan
606,واللهججوعع+كيفياككلونومايسمنون؟😹
607,Apakahituenakbanget
608,Imindonesia
609,I'mhungry
610,日本字幕あるからありがたい！動画楽しみに見ます！
611,TulisanCinasolusi
612,اكوعرببطياره
613,厕所在等你
614,Mozzarella😋😋
615,我是多么美味的巴西，但我可以说几种语言，在这里我们不吃
616,ApacumaguedisiniygdariIndonesia??😂😅
617,Maybehelikeeggsiamhungry
618,🤤🤤🤤🤤🤤🤤🤤🤤🤤🤤
619,VOADETOMARTA
620,😂😂😂
621,😂😂😂
622,Tragancomocerdo:vvperobuenoperdon😒
623,Anhănbúnchảđi
624,انالسهمجردالاكلده
625,คนไทย
626,Mantep
627,SoYummy😋😋😋😋
628,Nosaesecaratemproblema
629,apakahituorangIndonesia
630,Likesitedioascocuandosecomioelhuevo
631,Thatpotatoandcheese.😊😊🤗🤗🤯
632,X2
633,ອ້າຍກີນເນາະ
634,Wantit
635,Seimaginancuandoesteenelbaño💩💩💩💩💩💩💩💩💩💩💩💩💩💩💩💩💩💩💩💩💩💩💩💩💩💩😰😰😰😰😰😰😰😌😌😌💩💩💩
636,🤬
637,pengenmakan
638,Làngừiiiiviệtnammlạclõnggnehh😂
639,Mánhìnngon🤤🤤🤤🤤🤤
640,DanaerasololayemaosealoamarilloT_Tmedanunasganasdeprobarlosfideossalteados
641,😍😘
642,Meninocomecomcauma
643,食い方汚い。。
644,myfavoritefoodisnoodlesanynoodles
645,Soylaunicaqhablaespañol???Silohacezcomentaporciertoelchinitosepsceajiminperomijiminesmaswapo
646,Whatthehellisthismouthorabigmug
647,IchhabeeineFragewogibt'sdennsowaszukaufenwasduamessenbist🥰
648,Iscingcai?Youismeis
649,Kakbisabhsindonesia
650,وشبيزكم
651,Anyonghaseo😃😃😃😃
652,Wowgood
653,Gaksantuyanjir
654,فيعرب😓
655,Mintabang
656,ItumintaIndonesia
657,Yummy
658,Wooooo
659,Yum
660,Asmrjamursih
661,Fdcjtdhttukvcdybvdyhydgoyfbufvhghhghgghvcukvcrui
662,Itutelurxgkdimasak😂
663,Ănmởmiệngnhỏthôi
664,Heelomấyanhtây
665,Brasil???
666,Túnomássacaslosplatosylasollasparapresumirperoaunasímecaesbien😊😊😊😊🙃🙃🙃🙃🙃🙂🙂🍜🍜🍜
667,Прикольно
668,Woow
669,NgườiVNđâur
670,Cóaingườiviệtnamxemanhnàyănmàchảynướcmiếngđiểmdanh
671,Siyoaloespañolperoquerocooooooo
672,てか、からし？
673,🤤🤤🤤😋😋
674,Nomeimportaqueseapicanteoloqueseaperosevesuperrico😚😯
675,INDONESIA
676,ستمريامقرفويامقزز
677,Ueatcorndogshewashaveheir
678,OrangIndoLike
679,Cáimónngonvậy
680,siapayangnontonvidioiniorangindonesia
681,도남따라하는거임??
682,😍😍لذيذ
683,Çiğlano
684,Heateraweggs
685,Mauuakuhhhhhhh
686,😋
687,ماتكترتعطينيشويةبس
688,Nmmes
689,Làmgiốnganhdìđóthìphải??.
690,Hrkfhdkege
691,Jemappelleyanni
692,ЕстьктоизРоссии?
693,Youaregoat
694,Alguienqueableespañollikesisi
695,Soylaunicaquecrequenopodrianiconlamitaddeeso😮
696,Imhungryyy
697,Sigueescribiendoenespañolasiteentiendomas
698,Alguémquefaleportuguês?
699,Yummuy
700,غشاشكانتفيبيضةثالثة
701,Biếttiếngviệtko??
702,会是什么
703,ابيطريقةالعجيناليتسؤيه
704,Hayđấy
705,Nhìnngonquá
706,ياخييسوياكلاتلذيذةمرا
707,جاياكلاندوميوشاهده
708,أللهلايسامحكجوعتنيواناعاملدايت
709,Cóaiviệtnamthèmnhưtaokh:(
710,Piorcoisaéveressevideocomfome
711,Acıktımlaa
712,Làmthếnàomànhiềungăncảthếgiớicxkbéoz??
713,Ichabucachichijvậyanh😁
714,"Mano...comoquenãoengordamcomamontanhadecomidaqueelescomemnessesvídeos,euficopasma!"
715,استمرمتابعينكمنالعراق💖
716,Comonoledagastritis🍜🍖
717,Nghemàthèmquá
718,MaggiRamenveryverygood
719,Nyamansarahte
720,pleasenotalking
721,اكو.....عرب.....بلطياره....
722,Sogood
723,口開けて食べんな来たねぇわ👎
724,IloveGongSam
725,Quiensabequependejadasestándisiendo
726,Ishegay?
727,Bagidong
728,Hốckinhvl
729,هوحلكلوبلوعه
730,Tapan
731,Scusamaneisottotitolimettiitalianolosochenonselocagamainessunomaperfavoresu
732,agustono?
733,Aingườiviệtnamđâu
734,DoesanyoneknowwhyherollsthecheesedognjnSUGAR??ThatjustseemsverystrangetometomakesomethingsavoryTHATsweet.
735,Omgudidn'tcooktheeggyolk???
736,يتيوبنهذتقتقكبكياص
737,Bukadthat😠
738,تخينهفشه
739,Lezatbanget
740,Hola🇧🇷🇧🇷🇧🇷
741,Indonesialike
742,Ngườiviệtđây
743,Pedasnapienaknjiirrrr
744,Itusangatlezat
745,اصلاعاديدوبنيماكلتميسس😅
746,CóailàngườiViệtNam🇻🇳🇻🇳🇻🇳kạ
747,😋😋Semeantoja
748,Iamishangry
749,maafakubukanoranginggrisyee
750,Українціотзовіться...
751,CUTE
752,LecopiasaZachchoi!!!
753,Úituyệtvờituiđangđóihuhu
754,يليعربييحطلايك
755,Nosesisoshombreomujer!
756,CóaiViệtNamkotuicôđơnquá:(
757,Dumavnđâu
758,تغأمامتمانمة
759,Ngonvậy
760,Qricooo
761,福岡
762,eunaoentedo
763,Chanchoqlcomebien
764,Noledarádiarreadecomerlasyemascrudas??Todosevemuyrico
765,Korea
766,🤭🤭ot
767,😭😭😭😋😋😋😋😋🇵🇸🇰🇷
768,lol
769,Nisiquieraterelajasoloteantojas
770,是我在玩了嘛我8是爱我在9等到
771,🙃🎵🎵🎵🎵✖️✖️✖️✖️🎶🎶🎶
772,💋💋💋💋💋💋
773,OKkayoo
774,Ставтелайккомузахотелосьпокушать
775,🤤🤤🤤🤤😲😲
776,クチャクチャ言わせて汚い
777,Raweggyolk?
778,Alguienmaspensoquelasyemaserancocidas?':v
779,"EnserionoseporqueperotúereselúnicoquehaceASMRyqueenrealidadmecaesbientodoslosdemáscomenynomegustacomosuenaperoentusVideossi,sigueasísaludos"
780,Queporraeessaoxi
781,tuc`estparlerfrancais
782,fofo
783,🥰🥰🥰🥰
784,Whyyoureggisraw?
785,كرهتالاندوميخلطويابيضني
786,😋😋😋😋😋
787,Humm🤗😮😟😵
788,👍👍👍
789,ILOVEViệtNam
790,Crazy
791,Quierooooooocomida
792,หิว😋😋😋
793,"썸네일너무유디티님따라하시는데,,,"
794,👍👍👍👍
795,黄身を割ってって言いたかったんだろうなぁ、字幕が、「黄身を腐って」になってたわ…(´･ω･`)
796,ايهالقرفده
797,Ăncơmngonpu
798,Jlktlolml.
799,Zooeydeschanel
800,먹는거편집안하고보고싶어요ㅠㅠ
801,어떻게하면이렇게리얼한음식소리만들리게할수있는거에요?
802,이시간에맛잇겟다ㅏㅓ어아ㅏㅏㅏ아ㅏㅏㅏㅏㅏㅏㅏㅏ
803,안녕하세요이공삼님~!!!
804,비주얼봐......명량핫도그진짜좋아하는데ㅠㅜㅜㅜㅜㅜ오늘영상도잘보고가요ㅠㅠㅠ!!☺️
805,6:27나도따라서콧구멍커지느데..?
806,배경너무....
807,맨날잘어울리나봐요ㅋㅋ
808,벽돌..ㅠㅠㅠㅠ
809,5:25져거네가먹었으면난죽었겠다...ㄷㄷㄷㄷㄷㄷ
810,오랜만에댓글남깁니당오늘도맛있게잘드시는공삼님모습덕분에힐링하고갑니다~!~!
811,부먹•찍먹말고깔먹도해주세여~
812,몸에좋은것도먹어쥬세영
813,소리ㄷㄷ맛있겠네요^^
814,방금육회가너무먹고싶어서서치하다가우연히영상보게되었는데그대로입덕영상이되어버렸네요....진짜유튜브하시는내내들어서이젠지겨울정도겠지만한번더들어주세요.정말최고입니다ㅜ음식선정과플레이팅과이팅사운드랑먹는표정ㅠ얼굴ㅠ목소리ㅠ다조아오ㅜㅜㅜ백만까지쭉함께해요물론백만이상의가치가있는분입니다ㅜㅜㅠ그냥쭉함께합시다오늘도좋은영상감사합니다!
815,소리진짜고퀄이다..잡음하나없어...
816,감자핫도그진짜맛있죵ㅠㅠ
817,왤케잘생겨지셧어요
818,소스통귀여워요ㅎㅎ디테일함이좋은먹방은공삼님이최고인듯!!
819,원래공삼님이되게많이쭈압거리셔서들을때힘들었는데뭔가좀자제하고드신건지ㅎㅎ훨씬듣기편해졌어요^^그리고이번영상에서김치나단무지안드셔서너무좋아요!!볶음라면의그푸석한(?)소리를좋아하는데다른분들은단무지나김치를드셔서그소리가잘안들려아쉬웠거든요.영상잘보고갑니다😊
820,불닭소스에핫도그상상도못햇는데먹고싶다̆̈ㅠㅠㅠㅠㅠㅠ̑̈이저녁에올리시다니....
821,비하인드스토리ㅋ조마조마소스:)
822,짜파게티에핫도그조합은처음이네여!!ㅎㅎ전통가래떡핫도그에감자토핑추가하는걸좋아하는데공삼님이좋아하시는핫도그는무엇인가요??계란노른자올린것두역시배우신분👍👍오늘영상도재밌게보겠습니당💛
823,와조합
824,대박ㅠ넘맛있겠어용
825,떡볶이도생겼어요!
826,핡맛있겠다헿
827,총각무라도같이드셔주세요면발만드시니약간심심해요~^^항상잘보고있어요♡
828,와진짜맛있게먹으시네요
829,이분언젠가300만찍는다장담한다
830,오늘점심은짜파게티
831,으아..공삼넴..조합..으어가방끈기신분
832,맛있겠다
833,오늘은알람이일제대로했네트러플짜파게티먹고는싶은데구매처를몰라서혹시공삼님실례가안되시면사신곳쫌알려주시면안될까요.그리고기대가되네요맛있게듣겠습니닷!!😀😀
834,37번째
835,입안에..동굴이있으신가봐요..
836,냉면이나비빔면먹방해주시면안돼나요....?여름이고하니깐시원한거드시는게보고싶어서ㅠㅠ
837,영상볼때마다항상느끼고또생각하는건데어투가순하셔서너무좋아요...!저까지평화로워지는?기분입니다!ㅎㅎ음식드시는소리도너무먹음직스러워서너무중독성잇어욬ㅋㅋㅋㅋ앞으로도건강하고즐겁게방송해주세여!ㅎ다이어트후먹킷리스트에얼른적으러가야겟어여....
838,미쳤다하
839,Lolxd
840,Koreancorndogslookthebest!😀😀😀
841,저번에직접트러플짜파게티만들어드셨는데이번에는새로나온트러플짜파게티를드시네용!그때드셨던트러플짜파게티와맛이비슷한가요??그리구핫도그를드시면다들불닭소스에찍어드시더라구요!저는매운걸잘못먹어서저렇게는절대못먹을것같아요ㅜㅜㅜㅜ아그리고드실수록짜파게티가점점건조?하다해야하나?수분기가날아가는것같아요ㅜㅜ공삼님이괜찮으시면괜찮다만드시기뻑뻑하시면처음에소스섞으실때물을더넣으시거나중간중간음료도드시면서하셔도괜찮을것같아용!
842,달걀생달걀인가요??
843,아편의점어디있냐
844,공삼님배경땜에음식에집중이더되고음식이더잘보이는것같아요~!
845,뭔가면드실때별로안씹고그냥삼키시는것같아걱정되요ㅠ입에많이넣는게맛있어보인다지만꼭꼭씹고삼키셨음해요ㅠㅠ소화안되실까봐걱정되네요
846,결국.....못참앗ㅇ........
847,세팅하고이러다보면짜파게티뿔을거같은데공삼님건왜윤기가쟈르르르하나요
848,벽돌제발돌려주세요ㅠㅠㅠㅠㅠㅠㅠㅠㅠㅠㅠ너무좋았는데벽돌과앞치마?의조화가ㅠㅠ
849,와....짱마싯겠다....
850,공섬님짜파게티먹을때물버리셨나요?만약버리셨다면그거물버리지않고먹은거에여그렇니깐다음부턴물버리지말아주세용😁
851,트러플의농후한향기가여기까지옵니다.....오늘밤은맥주와함께라면을먹어야겠군요.....그리고위험해보이는nuclear소스는치즈에강한맛을이기지못하고오히려조화를이루게됐군요....그리고역시손으로먹는거보단.도구죠......다른사람들은아닐수있지만요....뭔가더맛있어보이도깔끔한게참좋아요.....지금보니까뒷배경도좋은거같아용.집중도가높아지고용.저는옛날에와국에있을때불닭에치즈랑짜파게티섞어서먹었던기억이있습니다.그당시매운걸못먹어서주스통을털었던기억이......사랑하는치즈에게.....공삼씨배에들어가서도잘살려무나.....눈으로너의최후를담아둘게......
852,Isitraweggthattheyputonthejajangmeyon
853,بصراحهكبشييجننبسلبيضيقرف
854,Muyqlotraduccisteaespañol
855,Estevideomedahasco
856,Кторусский?
857,Ankhỏevậy
858,🗣🚫🙏
859,todomuyricoloquemedioascofuelaYemadehuevo
860,NgườiVietđiểmdanh
861,￦¥￦¥μ§°￦|θ>·
862,Sorryitucorndogbukanhotdog
863,Cungduoc
864,SepareceunpocoaJimindeBts
865,Vietnamdiemdanh😁😁😁😁😁
866,중간에계란노른자자연스레넣으시는거봨ㅋㅋ귀여우셔
867,Bagusbagusguasukasekali
868,كلووووقرفبقرف
869,Hola.soy.Joaquín.y.soy.tu.mayor.fan
870,انتامنوين
871,Imverygood👍👍👍🏼👍🏼👍🏼👍🏼👌👌👏👏🤟🏼🤟🏼🤘🏽💟💟💯💯💯🖖
872,Ự.......
873,Soytuídolo
874,Saodietnoit.vietmakhongnoi
875,Koktelurnyagakdimasak
876,Quặp
877,Esteweytraga!Nocome
878,Hisnoseisgreasybecauseitshines
879,"Ffvideogames,"
880,VNđâuhếtrùi
881,Isthebest
882,"Noteníahambre,peroahoramedanganasdecomermeunpolloentero"
883,Ouibonjouratous
884,Hola😆
885,Mẹmi
886,👍😜
887,😤😤
888,بديابول
889,Soylaúnicaalaquelossubtítulosenespañolleaparecenlocurassinsentido?
890,Enakbanget
891,نزلبوشنكي
892,ViệtNamĐâuHếtRồi
893,Tropbien
894,CoaingườiViệtNamkhong
895,ابكوشهالأكل
896,نسننيني
897,Haiakuorangindonesia
898,البيضالنيئ🤮🤮😖💛
899,sorrymyfriendbutit'scorndog
900,Don'teattoomuchspicyuwillgetsick
901,#it’sacorndog
902,ㅉ
903,نزلبوشيكي
904,Alguiensabecomosellamanesospalosquecomió?
905,😬
906,😁😊👍👍👍🍗🍲
907,Youlikeasmr👇
908,Delicioso😋😋😋😋semeantojacomerdeeso
909,😮😊
910,دقيقةهوياكلالبيضمومطبوخموتسممكذا
911,eathoip
912,🥚🥚🥚🥚🥚🥚🥚🤮🤮🤮🤮
913,👍👍👍👍👍👍👍👍👍👍👍👍👍👍👍👍👍
914,**********************************
915,Bra
916,Isthatokfortheeggstoberaw?
917,Ihungry
918,coiôgnàyănngonghê
919,Yêu
920,Kadugyothahahakawawa😈😈😈😈😈😈😈😠😠😠😠😠😠😠😠😠😬😂😂😂😂😂😂😂😂😄😄😄😄😨😨😨😨😨😬😬😬😬😬😬😬😬😬
921,Li
922,Itmylike
923,Pagolchoda
924,Cc
925,Brasil
926,ياخزوج
927,¥
928,Aversidejasdetronarelocico
929,تتهوريبقاهتتعوى
930,Ilikeypurvideosmakemorepleade
931,Yummynummy
932,IthinkIjustfellinlovewithyou.Yoursohandsome.
933,"HereatBrazil,CornDogis""EspetinhodeSalsicha"""
934,Mierdachamo
935,Itiscorndogs
936,ارانیکسیهس
937,Nice
938,Megustsaoírcomocomenperonoelquemasticaconlabocaabierta
939,لعبنفسيالبيض
940,Ncl
941,😍😍😍😍😆😆😆😆
942,Kongtobgareya
943,Buenvideotupróximovideocomepollodekfc
944,Kyeoptaa
945,Ngopinapa
946,Tukunakndipanganane
947,كامواحدمصرييضغطلايك
948,whyyouputalwaynotfriedegg
949,WhoelseyouTranslatetotranslatealltheseKoreancomments?IthinktheyareKoreandon’twannaberacist😐
950,❤❤😄😄😄
951,ماكوشيقرفنيغيربيضني😝😝
952,🇮🇩
953,Achoquesouaunicabrasileira
954,Tratedecomercomlavoxaserada
955,👀👃👅
956,Ailanguoivietnamdiemdanhnaoanhemoi
957,xinchào
958,يعي
959,٧نثت🌮🌯🌯🌯🌯🌯🌯🌯🌯🌯🌯🌯
960,Àhá
961,miopiniónesquenoesmalocomerperonotantagrasaycaloriasesoesriesgoparasusaludysuvida...
962,انافقيرمااكلهداشي
963,hagyayakaipam
964,🙄🙄😋😋😋😋😋😋fomeeeeeeeeeeer
965,Фууусырыеяйца
966,TheonethingIdon'tlikeistherotteneggonthenoddels
967,Good
968,good
969,Eatingnormaloldboringramenpretendingitsablackbeanramen😢😢😢😢😢😢
970,quenojoooooii
971,Sarrinnainjobawanungandre
972,ThisisacorndognotaHotdog
973,Idiotpantek
974,Yesestadosunidoslike
975,¿porquehacenmuchoruidoalcomer?Noentiendo
976,ឆ្ងាញ់អត់ថតរូប😋
977,😃😃🤤🤤🤤🤤🤤🤤🤤🤤🤤
978,سم
979,7:45Iamhungryyyyyyyyy😭😭😭😭😭🤑😔
980,ختااتاا
981,Amakachutkekhako
982,مينمصري
983,暗依仔紫鈤赤語誒馹子嗣誒思簇你說是我是因為你就在於事無補的是誰人員山區別忘了我也要來看來看來看來看來看來看來看來看了我是個案子宮廷我的你會讓自己你就要不管線我覺得麼麼是誰了
984,SHIVAM
985,🤢🤮
986,Hola
987,Mantp
988,kanmechindobenneGarieikisalanappapatpatberitomme
989,Nohombre
990,Fuuuutojajko
991,😡
992,Ajnhuho
993,😋😋😋😋😋😋😋😋😋😋😋😋😋😋😋😋😋😋😋😋😋😋😋😋😋😋😋😋😋😋😋😋😋😋😋😋😋😋😋😋😋😋😋😋😋😋😋😋
994,IfeelsooohungrywhenIseeyou😎🤗🙄🙄🙄🙄🙄🙄🙄
995,Noereslaunica
996,German:woistderdeutscheunterTitel
997,Jajangmeyonisnotdelicious
998,Eatisokbutdoingcolorisverywell
999,😜😜😜
1000,Gostopracaracadevervccomendoquemachadalaike
1001,Amitheonlyonewhothinksthateatingtheraweggwiththenoodlesisweird?
1002,البيضبقرف
1003,GongsamIthinkmaybeweshouldjusttakecareandandIdon’tcare😑😑😑😑😑😑😂😂😂
1004,Ihungry😮😮😮
1005,واووووو
1006,هلو
1007,Obob
1008,공삼님도맘먹고검은배경으로하셨을텐데보이는댓글50프로가검은배경까는댓글ㅋㅋ
1009,Ballena
1010,😨😨😨😨😨😨
1011,Ааааааакровь
1012,Ťìţěě1
1013,🤩🤩🤩🤩🤩👍👍👍👍👍👍👍👍👍👍👍👍👍👍
1014,Semecaelababa
1015,Um
1016,Говноеда
1017,Du
1018,disgusting!
1019,Nomegustaverteasi
1020,كبوب
1021,1빠
1022,nottoberudebutitscalledcorndogs
1023,배경이검정색이라음식이더선명해진느낌!!전좋으네요^^벽돌무늬도공삼님만의무늬라서그것도나쁘지않구요^^깔끔한세팅에맛있게먹어주셔서보는내내행복했네요^^
1024,😂😂😂😂😂😂😂😂😂😂😂😂😂😂😂😂😂😂😂😂😂😂😂😂😂😂😂😂😂😂😂😂😂😂😂😂😂😂😂😂😂😂😂😂😂😂😂😂😂😂😂😂😂😂😂😂😂😂😂😂😂😂😂😂😂😂😂😂😂😂😂😂😂😂😂😂😂😂😂😂😂😂😂😂😂😂😂😂😂😂😂😂😂😂😂😂😂😂😂😂😂😂😂😂😂😂😂😂😂😂😂😂😂😂😂😂😂😂😂😂😂😂😂😂😂😂😂😂😂😂😂😂😂😂😂😂😂😂😂😂😂😂😂😂😂😂😂😂😂😂😂😂😂😂😂😂😂😂😂😂😂😂😂😂😂😂😂😂😂😂😂😂😂😂😂😂😂😂😂😂😂😂😂😂😂😂😂😂😂😂😂😂😂😍😂😂
1025,😍😍😍😒😒😒😒😒😒😒😒😒
1026,selesvelabocarechicaperolatienengrande
1027,Oyeereschinoojaponés🤔🤔🤔🤔🤔🤔🤔🤔🤔🤔🤔🤔🤔querico😋😋😋🥺menoslasyemas🤢🤢🤢🤢👏
1028,VietNAM
1029,YOUISNOTASMRYOUTUBER
1030,😬😬😬😬😋😋
1031,🐷🐷🐖🐖🐖🐽🐽🐽
1032,😖😖😖😵😵😵😱😱😱😷😷😷
1033,еслиэтовидеосмотритрусскийтопоймитысрединихизбранный✨⭐️🌻⛅️✨
1034,Hola
1035,WieschwulgehstdudichSchminken
1036,اكوواحديكتبعربيبسالأكلويعععمبينموطيب
1037,Nuavemdreptulsănecumpărămnimiccănehărțuițișinulefurațișirupețihaineleșiîncălțămintele.Nunemaiumilițișinoisântemomenișinuefrumosceacefaceti
1038,😇😇😇😇😇😇
1039,ابنالنعالماينطيماينطي😡😡😡😡😡😡😐😐😐😐😣😣😣😣😣😣😣😣😣😣😟😟😟😟😟😟😟😟😟😟😟😟😟😟😟😟
1040,Jijay
1041,벽돌배경을가지고와라!!!!
1042,u‘resocute
1043,Nolesentiendonimadres😎😎
1044,ajg
1045,🤢🤮🤮🤮🤮🤮🤮🤮🤮
1046,انيلاأحبك🖤🖤😈🤩🤑👺👺👺👺👺👺👺👺👺👺👺👺👺👺👺
1047,😦😦😦😦😦😦😦
1048,😖😖😑
1049,Thateggwasnotcooked.Yuked🤢🤢🤢🤢🤢🤢🤮🤮🤮🤮🤮🤮🤮🤮🤮🤢🤒🤒😰
1050,nohatebutwhytfisheeatingrawegg
1051,YoulooklikejiminfromBTS👍👍
1052,"YourFavouriteNoddles,"
1053,Aren’tyousupposedtoweartheapronwhenyou’recooking?.....
1054,পেটুকদাদা
1055,"IwishIcouldeatlikethatimvegetarianandIcan'teatalotofthingsbutlikeitsnotbecauseIwantitscauseIcan't,butitlookssoogood;-----;"
1056,얼굴못생김
1057,인트로가너무길어요..먹는거시작하는데가어딨는지찾느라삼매경ㅠㅠ
1058,Paramimedaasco😝
1059,ItlookslikeyoucopyZachChouASMRBUTyouralittlelouderandtalkmorenottoberude
1060,"Envesdequeseesescuchebien,daasco"
1061,🖕🖕🖕🖕🖕🖕🖕🍝🍝🍡🍡🍡🍡
1062,🤢🤮🤮🤢🤮🤮🤢🤮🤢🤢🤢🤮🤮🤮
1063,👎👎👎👎👎👎👍👍👍👅👅👅👅👅👅👅🤮🤮🤮🤮🤮😑😑😑😑😥😥😥
0,화사님...죄송합니다...
1,장갑은왜꼈어요?ㅎㅎ재밌네요
0,덕출tv영상보고성지순례왔습니다.번창하세요.
1,트러플오일추가가필요하네영ㅋㅋㅋㅋㅋ
2,으~아보고싶었어요.파김치씨ㅜㅡㅜ
3,덕출순례왔습니다구독좋아요가즈아(?)잉?
4,텐션무엇...?ㅋㅋ
5,이럴수가!끓인짜파게티먹으면서봤어요반숙계란후라이까진있었는데파김치가없어서아쉽!ㅎㅎ
6,덕출이보고와서구독합니다.
7,백종원만능양파넣고만들면짜장면돼요ㅎㅎ
8,"짜파게티앞니에검정마크까지표시하면서맛있게잘드시는거보니까붕어빵친구한테사달라며떼쓰시다가,친구:아알았어3천원어치6개사와""라는말끝나기무섭게붕어빵사서친구한테""잇쏘님:붕어빵사왔어!!!친구:야근데6개에3천원아니냐?근데왜5개밖에없어?잇쏘님:아닌데?사장님이5개담아주시던데?친구:음..아그래?알았어잇쏘님:야야나근데붕어빵진짜좋아하는데내가3개먹으면안되??친구:뭐그러던지잇쏘님좋아가지고세상다얻은거마냥헤벌레하면서웃으며붕어빵먹을려고하는데앞니에밭끼어있음"
9,안에고춧가루조금만넣으시면더맛있어요
10,파김치구합니다....
11,틱톡비빔밥드시는거보고왔어요ㅎ
12,아식욕터진다
13,짜파게티..먹고싶댱
0,"안녕하세요.나는김규빈이예요먹어볼까요.^^아빠와함께하는농심에서출시한신제품""트러플짜파게티""먹방입니다.귀엽게영상봐주세요^^[구독ㅣ좋아요ㅣ알람]부탁드려요^^HelloGyuBinTubeASMRTruffleoilBlackBeenNoodlesMUKBANG#트러플짜파게티먹방#아빠와함께먹방#ASMR#리얼사운드#MUKBANG#신제품"
1,MasaALLAHSUPERLIKEHEDiYeNiZibiraktimmBasarilar.🌹🔔🔔..🔔FULLSUPPORT🔔🔔🔔🌹🌹👍
2,💗L💗I💗K💗E 💗3💗4💗Thanksforthiscoolshare!💚💛💙
3,Heisjustsocute!💗💗💗Yummynoodles~😋
4,규빈군자주못들어와죄송합니다오늘은짜파게티네요저도한번먹어봐야겠네요오랜만에규빈이영상풀시청으로응원합니다~^^
5,"Ialreadytastethatnoodlessoyummy,hahahayoursonreactionwylyoupreparingthenoodleseemshecantwaittoeatthemhahhaahappineswylhemixingthenoodles,andwhenhestarredhedontwanttocutituntilhecanhahahhayum!newfrenfromkuwaitGodbless!"
6,규빈이가라면을먹으면서아맛있다~~라는소리를할정도라니입맛에잘맞나봐요ㅎㅎ마지막에계란과의조합은더욱맛있어보이네요!!풀감상으로응원하고갑니다:)
7,규빈이랑규빈파파사이너무좋아보여요!규빈이작은손으로젓가락질하는거너무귀여워요ㅠ오늘도좋은하루되세요!
8,Soundsultimate🍜🍜🍜🍜🍜🍜
9,Thisissocute:)
10,ThankyoufortheuploadandalwaysentertainingandalaughisalwayshadandPSIlovethesewhenIcanfindthem.GreatvideobigLIKE!
11,39🌹🌹🌹🌹✔👈himyfriendnice❤️❤️❤️awesomevideostaycontactedthankyou
12,Yum2​
13,규빈이넘맛있게먹어용❤매일매일이건만본다능💗
14,afiyetolsun😊😊😊
15,와...이제광고도나오고^^
16,HellodearmyfriendandveryniceeatingsoundvideoHaveaniceday
17,Ilikethewayyoueatandthesoundisgood♥♥
18,아가너무귀여워용
19,정말맛있게드십니다.^^..리얼사운드네요.^^..36
20,와!!영상보니너무먹고싶어서못참겠네요ㅎㅎ오늘은짜파게티에계란반숙입니다ㅎㅎ엄지척!!
21,항상신메뉴리뷰해주셔서감사해요!!항상규빈튜브잘보고있어요❤️❤️❤️🥰
22,트러플짜파케티는처음보네요ㅎㅎ진짜군침도는비주얼입니다:)규빈이가자라나는모습이보이네요ㅎㅎ앞으로도건강하게잘자라길응원할게요:)맛있는영상감사합니다ㅎㅎ
23,Great👍👍👍Haveawonderfuldayandnewweek😊GreetingsAdam😎
24,넘.귀여워
25,규빈이LOVEyou
26,규빈이너무맛있게먹어요ㅠ!배고파지네영
27,아이고오물오물잘도먹네요^^너무귀여워요
28,아이런게나왓군요짜파게티엄청좋아하는데ㅎㅎ맛잇겟네여ㅎㅎㅎ
29,규빈이말도잘하고먹방도자연스럽게하네요...농심신제품트러플짜파게티한번먹어봐야겠네요....맜있게보여요....
30,Yummyblackbeannoodles..delicious!😊
31,Iloveblackbeans
32,Yummynoodles
33,짜파게티컵으로된거안먹어봤는데형아도사먹어야겠다형아직장에학생들이방학해서밥을안주거든그후론그런기회없더라기쁜소식은고용공단샘소개로운암중학교정규직됬어만60세까지고
0,객관적으로맛이없다!보다는주관적으로호불호가갈린다는느낌이강한제품인거같아요.그러나이상하게저는트러플와퍼좋아합니다...ㅠ_ㅠ
1,배추김치:오빠내가있었으면어땠을까...우리조금달라졌을까?
2,썸네일표정에서평가를바로알수있네요ㅋㅋㅋ
3,트러플짜파게티컵라면은호불호가심하군요ㅋㅋ😂😂저도오랜만에짜파게티가먹고파용😮배고픈저녁히ㅠㅠ😭
4,출시하자마자먹어봣는데완전개별로....오일도싸구려냄새나고맛도그리나는것도아니고기대를넘해서그런지몰겟지만왕왕실망햇우요ㅠ
5,어쩔수없다더니좋아하고~사고치고면치기하고~물마시는거상남자!!역시..ㅎㅎ짜파게티별로안먹지만먹어봐야겠네요^^
6,자저씨님참치고추장비빔밥(계란후라이+참기름)드셔보셨나요?간편하고맛있다고하네용.혹시드셔보셨다면레시피부탁드립니다..!
7,자저씨자꾸면치기하시네저오늘석식청요리예요(중국식)부럽지않아요!부러우면지는거닷!✨
8,그냥오리지날이최고인거같아여..
9,오프닝시무룩도존귀탱이구앞치마핫챠!!핫챠챠챠챠챠ㅑ넘모귀여워여ㅠㅠ그렇게시무룩해하는거보니까저는도전안해야겠어여!
10,개인적으로짜파게티에(필리핀에서산)트러플오일까지넣어봤는데..향이투머치인느낌이강해서한번시식후에두번다시안먹습니다ㅋㅋ
11,헤헿오늘은자저씨님이랑같이저녁먹는당ㅎㅎㅎ저녁먹으면서영상보니배고픈효과가더크네욬ㅋㅋㅋㅋㅋ짜파게티보면서더밥먹는중ㅋㅋㅋㅋㅋ트러플짜파게티는무슨맛일지궁금했는데...말안해도면치기로보면다알겠어....그만얘기해도될것같아....
12,이거먹어보려했는데..갑자기먹기싫어지네용
13,트러플오일향개극혐...
14,댓글남기고나서궁금한걸못참겠어서바로사다먹었는데저한텐완전극호..였어요!😯심지어오리지널보다맛있다고느껴서몇개더사서쟁여놔야지생각도했었는데이제품은정말호불호가많이갈리네요~~아무래도제입맛이많이특이한가봅니다ㅋㅋㅋ쨌든리뷰해주셔서저도감사랑(?)합니다!😄
15,자연인통돼지수육인지...버터나마가린넣고하는수육이있던데..한번해주세요ㅜㅜ먹방하시는햇님언니가자주드시는수육인데..제대로레시피설명이나시간등설명해주는곳이없어서한번도전햇다고기덜익어서혼낫네여ㅜㅜ대충올라오는레시피에따르면우리들이흔히아는온갖잡내잡는것들안때려넣어도맛있다던데ㅎ한번연구해서부탁드려요!😭😭
16,자저씨파김치가없어서그래여🙄
17,짜파게티는물버리는거아닌데...형언냐들나만불편해?
18,짜파게티물안버리고먹는거아닌가
0,0:33트러플짜파게티리뷰3:51흑당라떼샌드위치리뷰7:11라떼는말이야라면먹을때말이야
1,헐흑당샌드위치보고꼭1절넘어가는한국인ㄷㄷ했는데찹쌀떡있었다니내사랑;;;;;
2,늦어따ㅠㅠㅠㅠ저근데이거두개다먹어봣어요!!!맛평가저도똑같아요ㅎ트러플짜파게티는그냥똑같았고흑당라떼는떡도있고맛잇엇어요!!
3,알림이안켜져있었네요..ㅎㅎ예쁜분이매력있는목소리로매일신제품들알려주시는데그정도야~~큰힘이된다니눌러드리져!!제계좌는...
4,라면드실때무슨청소기처럼흡입하는소리가나서웃겻네요ㅋㅋㅋㅋ
5,"트러플짜장라면은우리화사가먹어서큰화제를불러일으켰죠♡,하하하하하핳먹방여신안혜진~~~사랑해♥️♥️♥️♥️♥️♥️♥️♥️♥️♥️♥️♥️♥️♥️♥️"
6,ㅋㅋㅋㅋㅋ진짜맛있으셨나봐요30분거리에있어도갈정도라니..ㅋㅋㅋ저도사먹어볼까요ㅎㅎ아부장님개그ㅠㅠㅠ아이고부장님..
7,ㅋㅋㅋ나도저흑당샌드위치살까말까고민오지게하다가안샀는데사서함묵어봐야겠네!!ㅋㅋ
8,ㅋㅋㅋㅋㅋㅋ현실러ㅠㅠㅋㅋㅋ레블님이맛있다고하면진짜맛있는..
9,배고플때만..올리시는..ㅠㅠㅠㅠㅠㅠ근데왜항상흘리고드세욬ㅋㅋㅋㅋㅋㅋㅋㅋㅋ먼가귀엽기도..
10,어ㅠ이거지에스갈때봤었는데!ㅎㅎ궁금했던거리뷰해줘서좋아요!!흑당샌드가의외로맛있나보네요ㅎㅎ7:13옛날사람은울고가요..
11,아배고픈참이었는데...ㅠㅠ라면물올리러갑니다..
12,헐저짜파게티사먹으려고계속보고있었는데리뷰해주셨네요!큰차이없다니까그럼저는패스으..ㅋㅋㅋ
13,레블님젓가락질알려드려야겟어옅ㅋㅋㅋㅋㅋㅋㅋ
14,2:01지금부터끈어지지않는짜파게티쇼!!
15,저희동네gs25에는아무리찾아도없는트러플짜파게티ㅠㅠㅠ
16,역시짜파게리는물버려서볶음면처럼먹어야👍맛잘알ㅎㅎ
17,오늘은알람뜨자마자바로왔어요ㅎ흑당샌드위치먹어보고싶네요저도단거별로안좋아하는데떡이들었다니뭔가식감이신기할거같아요!!
18,아이라인그릴때잘채워주세요...아님빛때문인가?안그래도아이라인너무두꺼운거같은데중간에만밝아서비어보이는거같아요ㅠㅠ속상속상
19,이거보고라면먹으러갑니다...
20,씨유알바했었는데둘다씨유에도있었어요!!흑당샌드위치는팔렸는지아닌지모르겠지만요..
21,"07:06리뷰는GS,인사는CU"
22,반가워요ㅡ진도에서'토종닭농장을하고있네요''응원하러왔네요ㅡ좋은씨앗뿌려서''풍년드세요''🍒👍🙋‍♂️또봐요'''😅💖🍒
23,평소엔한젓가락에호로록했을텐데카메라돌아가는거생각나서몇번끊어먹었군요.....고생했어요...^^
24,정보:컵짜파게티는물을안버리게되어잇다(농담아님진짜임조리예에나와잇음)
25,레블님맛있게드세요
26,레뇽!!오오옷
27,라이브방송해주세요
28,👍
0,트러플오일맛볼때왤케웃기죸ㅋㅋㅋ
1,ㅋㅋㅋㅋ홍동이님때매짜파게티먹고싶어졌내오ㅎ
2,트러플오일응용한요리또해주세요❗️
3,요리실력의문제아닐까요?왜바나나맛이;;
0,화사의트러플짜파게티는컵라면입니다
1,정말넘보원이다
2,이분들오이에미친사람들인가요
3,이겐뭐지!!!
4,짜파게티오늘다뒤졌다ㄹㅇ
5,오늘각이다
6,트레비에서얼마줘요???
7,마치급하게야식이땡긴지금나의소울을대변해주는듯한영상이다
8,밥도둑은어디감
0,라면에트러플오일이라....
1,오빠화이팅💪🏻
2,스포주의...차크리의라면순위1등.트러플오일짜파게티2등.마라탕면3등.삼계탕면
3,트러플짜빠게티궁금하네용ㅎㅎ!
4,먹방하는데안부르다니...
5,하아아아세개너무먹어보고싶엇는데!!!선댓글후감상하겟습니다🔆
6,이거보고편의점가고있습니다
0,"Looksdelicious,newSUBandhitthebell💖💖"
1,Nicecontentlookssodelicious🌻
2,Boanoite.muitolegalamigoGostei👏👏👍
3,"짜파게티향이강해서트러플향이묻힌다는게문제군요.저도먹었을때그런느낌이었는데,,,,🤤얼굴이너무잘생기셔서짜파게티에집중을잘못하겠네요🤗너무멋있으세요.자주찾아뵐게요.🤗🍃🍃🍃🍃"
4,한동안짜파게티에트러플오일넣으면맛있다구유행했는데결국짜파게티에서트러플맛을출시했나봐여??근데함량이진짜작네요ㅎㅎ#142
5,사실다른리뷰영상도봤지만원백님얼굴보러들어옴...그런분들분명히있으실거야나말고도...원백님펌하신건가요??뭔가복슬복실귀여워ㅠㅠㅠㅠㅠㅠ
6,저만그렇게느낀게아니였군요ㅋㅋㅋ저도이거먹어보고...차라리그냥짜파게티먹겠는데싶더라구요ㅋㅋㅋㅋㅋ
7,저봉지던지시고...다시주섬주섬주으셨죠?ㅎㅎㅎㅎㅎㅎㅎ0.001%????????장난하나.....티도안나겠어요.향나~향나~향나~그향이1초컷인가요...ㅎㅎㅎ
8,작은부엌님도이거드셨군용!ㅎㅎ요즘요게핫하네용~
9,함량진짜실화인가요ㅎㅎㅎㅎㅎ
10,놀러옴도깨비에서그저승사자닮으심
11,요즘트러플오일짜파게티가나오는군요?ㅎㅎ리뷰잘보고갑니다!
12,저이거넘궁금했었는데😉😉좋은영상감사합니다😘👍👍
13,짜느님~~트러플짜파게티오늘저녁에먹어봐야겠어요
14,안먹어봤는데0.01%에도향이살짝느껴지긴하는군요맛이궁금해집니다
15,아..저도짜파게티먹고싶어요.트러플은어떨지영상보니까더궁금해지는데용..저도해먹어봐야겠어요
16,저랑비슷하시네요힘내시라고3종세트입니다♥️🎶😗😘🎁제영상도놀러오세요자주뵈요🎈🎈🎈
17,원빽님~짜파게티를코로흡입해서먹으면트러플향을제대로느낄수있지않을까합니다.도움이되셨으면좋아요부탁드릴께요~^^
18,저거얼마에요??
19,목소리성우인줄
0,"첫촬영이라어색하고부족한부분이많았습니다ㅠ그렇지만부족하다는건앞으로더나아갈킹능성이있다는얘기겠지요!!저희가성장하는모습을옆에서지켜봐주시면너무나도감사할것같습니다^^앞으로도잘부탁드립니다!~!"
1,마지막무한인사졸귀네요ㅋㅋㅋㅋ
2,장코님은턱받이리뷰가시급해보이네요ㅎㅎ좋은리뷰감사합니다~
3,저게맛있나요?저는그닥...
4,재밋게잘봤습니다~!!황금올리브순살리뷰좀해주세용!!!
5,짜파게티먹고싶네요이영상보니까ㅎㅎ신상품가장빠르게올려주시나요?
0,인트로가언제부터없어졌진??🤨오늘소리가약간작아진거같아오ㅠㅠ
1,ㅋㅋㅋㅋㅋㅋㅋㅋㅋㅋㅋㅋㅋㅋㅋㅋㅋ
2,2:58하나에너무비싼거아닌가요ㅠㅠㅠ
3,스까묵자해주세요!그거기다리고있어요ㅜㅠㅠ
4,짜장면영상다보는즁이에여파김치로다시올려두세여
5,저도한번먹어봐야겠네용
6,화채먹방해주세요오잇ㅠㅠ
0,영상퀄대박이네용..!드시면서중간중간카메라보면서얘기해주시면뭔가소통하는느낌이날것같아요!!
1,남자라면짜빠게티그정도는먹어야죠~~굿입니다.
2,잘보고있어요화이팅
3,컨셉은좋은데대사가너무없어서지루함요
0,화사가먹을때먹어보고싶었는데이렇게간편하게나왔네요!저두한번따라사먹어봐야겠어요🥰
1,저도저녁에쩝호~로~록~~호~록~~
2,요리님~안녕하세요^^아직ᆢ트러플오일을안먹어봤지만ㅎ트러플짜파게티ᆢ맛있겠어요~좋은하루보내세요^^
3,Looksreallyyummy!Newfriendhere!!!
4,트러플짜파게티맛있겠네요~파는곳이안보여서포기를했는데다시한번찾아봐야겠네요
5,"아직안먹어봤는데,맛이궁금하네요😊"
6,맛은어떠셨나요?!저는저번에먹어봤는데..트러플첨가를크게못느껴서..!그냥짜파게티사먹으려구요..!!!
7,트러플짜파게티안먹어봤는데더맛있겠죠?ㅎㅎ김치랑같이말아서...맛있겠당~~
8,"wellwell,iwanteat,makefriend,support,likevideo"
0,안녕하세요!오늘은저번에실패한트러플짜파게티다시한번도전해봤습니다!다행히이번엔성공은했습니다하지만다음부터는짜파게티를그냥먹는걸로하겠습니다!개인적인맛취향으로는아닌거같더라고요ㅎㅎ그럼오늘도영상시청해주셔서감사합니다!다음주에봐요쭌
1,달걀후라이가제대로에요!!!bbㅋㅋ보니까배고프네여짜파게티ㅜㅠㅠ
2,ㅋㅋㅋㅋㅋㅋㅋㅋ맛있게따트러플맛있ㄴ는데ㅠㅡㅠ
3,우와ㅋㅋ느끼하지는않나요~??ㅋㅋㅋ한번먹어봐야겠어욤ㅋㅋㅋㅋ
4,밤에보니배고픔.........
0,흐엉이거어디서구해야하지ㅠㅠㅠㅠ
1,초토리님언니표김밥은어떻게하면먹을수있죠!!??전해주세요!!!!!!!
2,초토리님영상보고바로구매했습니다
3,먹음직스러워요.
4,몇개드시는건가요?
5,Ôimónmìcayyêuthíchcủatôi
0,"allsubtitleshavebeenadded☆먹었던짜파게티중에젤맛있었어요.황제돌산갓김치도처음먹어봤는데짱..좋아요와댓글은큰힘이됩니다!pleaselikeandsubscribeチャンネル登録と高評価お願いします!followme♥■http://www.instagram.com/choijaeyeol"
1,ThedevilworkshardbutJaeYeol’smetabolismworksharder
2,こういうの見ると、辛いものが食べたくなったり焼きそば食べたくなったりする。普段まじで食べないのに。(笑)
3,涼しい顔して淡々と食べてますけど量ヤバいですね
4,やべこれ深夜に見るとあかんやつや
5,この時間にこれはヤバイ…！あ〜お腹すいた〜！最後にわけてくれた〜！😆
6,飲み込む音入ってるから嬉しいなぁ飲み込む音入ってる方が聴いてて美味しそうに感じる😂😂😂🙏🙏🙏
7,チャパゲティって食べたことないからおいしそう
8,元からかっこいいけど最近より一層垢抜けた気がするのは気のせい？
9,Omgwhyishealwayssocute?
10,一番気になるのがカロリー
11,いつも思うけどイケメンやなぁw
12,いつのまにか挨拶が凄く増えてる😳キムチの葉って日本に売ってる所あるんだろうか？
13,아계란후라이왜저렇게먹어..?
14,いきなりカップ麺丸ごと食べさせてくるの草
15,1:02BlackNoodles짜파게티1:16Friedegg계란후라이3:32Kimchi갓김치
16,これにコーラはやばいでしょ
17,もうちょいよく噛んで！誰も取らないから笑
18,最後絶対腹一杯だったろw
19,シャリシャリモグモグ!良い音!とてもストレスかいしょう！
20,ダイエット中でも見に来てしまう……。いつか食べたいという日を夢見て……
21,Ilikehowhechompsitdownanddoesn’ttakebreathshejusttakesitlikeachamp
22,Whyishesoentertainingtowatch?😆
23,飲み込む時のぎゅぅぅうんって音好きなひといない！？！
24,今回は普通なのかな？
25,おいしそうすぎる…🤤サムネ見て1口とんでもねえなと思ったら動画ではそうでも無いのね笑
26,最高すぎる人！
27,0:28SELAMATMALAMJAEYEOL!(INDONESIALIKE?)
28,"This..Ismyfirsttimetoseeahonestyoutubertakingathumbnailtoveryaccuratelevel.(manyoftentrickwatchersbythumbnailthatwon'tappearinvideo,asIresearched)Thegreetingsareniceandthewayyou'reeatisquickyetentertaining.Awesomejob,bro👍"
29,ジェヲル多国語の挨拶上手いね！こんにちは！😄✋
30,そのキムチおいしそうっっっっ！
31,51コメ5分で50コメ…今日もアジアは平和(　'-')
32,0:16omgheiseatinglikearabbitheiscute❤️😭
33,jaeyeol(？)asmrさんってひとくちでめっちゃ食べるんじゃなくてちょっとずつ食べるのめっっっっっっっっっっっっっっっちゃすき
34,Естьинетолстеетвотэтояпонимаюталант
35,Alguienquehableespañol??Siesasífelicidadesencontrasteuncomentarioenespañol:vxD...(つ≧▽≦)つ
36,"wohaaaailike,whenusay""selamatmalam""ㅋㅋㅋㅋ"
37,보통짜파게티랑파김치를많이먹는데재열님은갓김칰ㅋㅋㅋㅋㅋㅋㅋ왠지끌린다..파김치보다끌린다맛있겠다
38,Heonthethumbnailislikemetrynnabecoolwheneating😂😂BTWI’mhappythatyourealizedmanyVietnamesearewatchingyourchannelincludingme❤️LovefromVietnam❤️
39,"엥ㅋㅋ여수란단어를여기서보게될줄이야.,.여수사람이지만갓김치하나는인정합니다콩국수랑같이먹어도대박맛잇어요.,!오늘도영상잘보고갑니다😂💕"
40,lloveoppa😭💜
41,น่ากินมากครับ♥
42,IreallyreallywannaeatthosenoodlesThewayJaeYeolchewlookslikearabbit🐰
43,달걀먹는거귀엽네증말ㅋㅋㅋㅋ
44,9:11からの全部食べ終わってるのかな？ってなぜか疑ってしまう
45,美味しそう…😋💕でも、あんなに沢山は食べられないw元々大食いなんですか？？？
46,飯テロすぎか…うまそう
47,"Wow,superbig,I'mfromIndonesia"
48,Brothisjustmakesmehungryyyyyy
49,こんにちは、私はインドネシアから来ました。私はあなたのビデオが好きですASMR。インドネシアから来ましたASMRビデオを作り続ける😊
50,いーなー！おいしそう(*´﹃`*)
51,めっちゃ食べたい…✨✨💓今日もいい音でしたー😭👏🏻💖
52,꺄~짜파게티잖아ㅋ내가제일좋아하는거~♡재열띠고마워유~♡
53,あなたはとてもきれいに食べますそれはとても満足です
54,Mystomachhasleftthechat
55,"KomohaceparanoengordarV,:<?Seramagiadeloscoreanos:v?,abrsiiocomoesomehagounapelota:Vykhestoyendietah...salu2wapos"
56,휜쌀밥에갓김치올려서한입먹으면....하진짜완전맛있는데
57,Yayimearlyloveyou
58,YayI’mgonnastaythereat4daysIhopeIcanmeetyoulovetherebutnotyetbecauseIdon’thavethevizayet
59,АнаРусскомЗдравствуйтеможетесказать?
60,おいしそう！チャパゲティって、辛いのかな？どんな味するのかな？
61,めっちゃ食うやん笑笑
62,JAEYEOLLLLLLKINGOFMUKBANG
63,嚥下音を批判されてから、jaeyeolさんの嚥下音を聞いてなかったので嬉しい…😢❤美味しそうですԅ(¯﹃¯ԅ)♡♡
64,いつもものすごい量食べててすごいと思う。毎日いい音聞させて貰ってます！
65,字幕が進化して世界派ですね🌻キムチ変わってますね(^^)✨
66,ThankyoufortheIndonesiansubtitles
67,Ifoundthatheneveractuallyswallow!!!
68,Love❤️♥️
69,挨拶、いろんな国の人が見れるように言語が増えてる！さすがです！
70,YouspeakVietNamissocute❤
71,ILOVEmukbangswithblackbeannoodlesIneverhadthemmyselfbutIfindthemoddlyaestheticallypleasingandlovewatchingpeopleeatthem😁💕
72,알싸~해서돌산갓김치맛있죠ㅎㅎㅎ👍🏻
73,Nextvideoadaassalamualaikumpulakye😂😂😂
74,Whyheissofreakingcute?❤
75,NowI’mconvincedthatwhenhemakesvideosheplanstomakeushungrybeforehandsowecaneatwhateverwecanfind.Hemakeseverythinglooksoyummy😋
76,6:34hasmedying
77,트러플오일짜파게티군요ㅎㅎ화사님께서한게이렇게까지상품으로나오다니놀라워요
78,こんな時間に投稿するのはなかなかやるな。w
79,와우소리너무좋네요!너무너무맛있어보이네요ㅎㅎ짜파게티는많이먹어봤는데한정판트러플은무슨맛일지기대됩니다.한수배우고갑니다!좋아요누르고갈게요~~!
80,Loveyou💖
81,"youareadorable,iamsubscribing."
82,구독좋아요:큰힘이됌니다:❤🖤❤🖤❤:AZzjriDD23:👍👍👍👍👍
83,Howcansomeonethathasahugemetabolismbutstillmaintainsafitbody----Iwanttoeatthatmuchtoo😢😢
84,화사짜파게티로유행하던걸..아예컵라면으로만들어버린짜파게티..👍
85,맛있겠다...(ؕؔʘ̥̥̥̥هؔؕʘ̥̥̥̥)
86,"LovefromIndonesia,😍😘😘"
87,ThankyouforlearninghiinVietnamese❤️❤️❤️❤️❤️Loveyou❤️🌻
88,Omgbrothewayheatethelastegg😍😱omgHESSOFREAKENCUTTTEE😭😭💓💓😆
89,GamsajamnidaporelvideoTraduccion:Graciasporelvideo........Meencanto❤
90,IloveasmrandiloveyouFrom:indonesiaTo:JaeYeolASMR
91,"soshooktthatyoujustsaid""salamatpaalam""HAHAHAH"
92,Wuaa😱EresIncreíble!😍💜
93,Iloveit:')
94,Jaeyeoloppa..PleaseSayNamaskaramthiswordwhenyouaresayinghelloandannueonghaseyo
95,Thislookssogood!🤤
96,Salamatttt❤️❤️omg
97,美味しそう…🤤
98,돌산갓김치조합지렸다
99,Soadorable🥰justlikealittlerabbiteating🤗
100,Well...thatwasauniqueexperience.Imustgowatchsomemore
101,美味そう、、、
102,"うまそ〜(´,,•﹃•,,｀)夜中に見たら腹減りすぎて夜ポテチコースまっしぐら"
103,한정판트러플짜파벅티에돌산갓김치라니!!조합최고네용😃트러플이들어가서맛도좋고너무좋더라구용😁
104,AhhhyouaddedVietnamesetohisintro😆Iloveitalsoyourpronunciationisreallygood
105,SelamatMalam🌹
106,It'ssooooyummy:3
107,:))
108,Amigooyelespañolp'acuando
109,Hi💗💗💗
110,I’dbefullifIate3ofeverythinglol
111,1:26Socute💓5:16😍🙈5:46Givemethefood5:56💓6:30😱🤣6:30🤣🤣😍6:34Youaresocute🤣😍
112,하진짜개맛있겠다
113,最後腹一杯で食えんくなっとーやん
114,Heissocute
115,Thatlookssodeliciousomggg
116,Omgl'msosuprisewhenyousayselamatmalambtwl'mfromindonesia
117,Whyisitsoadorabletowatchsomeoneeatnoodleslol😊
118,Likereallywhyyoualwayshandsome~?¿
119,EventhoughthishassubtitlesinmylanguageiratherhaveEnglishsubsidkwhylol
120,0:28isthatintagalog?correctmeifi’mwrong
121,Likesitediohambre배가고프면좋아.就像你饿了おなかがすいたようにเช่นถ้าคุณหิว
122,Neselamatmalamoppa
123,HelloJaeYeolASMR^_^IfromtoINDONESIAlikeyouvideo😁😊
124,썸네일유디티님이랑비슷하네요
125,Insomecultureshavingyourchopstickssittingupinyourfoodlikethatrepresentsdeath
126,Friend:canugivemeyouregg?Me:0:16
127,Youarethekoreanversionofyuri(yurionace)
128,NowIgottaremebermoregreetingscauseIusedtosayitwithyouasthwintrostarted.😂💕
129,0:27malaysia!!!!💞💌💗💕💓❣️♥️♥️❣️💗💝💘
130,"Mediohambre:""v"
131,아는맛이라더괴롭다ㅠㅠㅠㅠㅠ이번거진짜대박...
132,안녕하새요
133,Wowyoureatingsoundsreallygoodbro
134,IamHuangbecauseyou😣사랑해요/lamfromIraq❤❤
135,왠지저계란후라이...구멍4개짜리후라이팬에구운거같지...ㅋㅋㅋㅋ
136,1:04Blacknoodles짜파게티1:15Friedegg달걀후라이3:33kimchi갓김치soooohungryㅠㅠ
137,#early
138,ohmygotkimchi
139,卵食べるとき可愛すぎる(*^-^*)
140,"めっちゃ美味しそう(´,,•﹃•,,｀)"
141,Loveyourvideos!!!❤❤❤
142,Early
143,Early
144,飲み込む音が好きすぎる💕
145,Honestlythosenoodleslookgood!
146,"WahhebatbisabahasaIndonesia!Autosubscribe,Andlike!"
147,썸넬유디티같당ㅋㅋㅋ
148,oisisounitaberuna-syokurepoumasugi!!
149,Iluvu❤❤
150,Whosegonnawatchthisin2020?IknowIwill!
151,しまったぁ……深夜に見てしまったァ……！！！
152,"Ilovethenewhairdyeandcouldyoudoanuclearfirenoodlevideo,please?"
153,今回もとても美味しかったです！
154,ㅎ놏ㄴㄹㄴㄹㄴㅎㅊㄴ호뉺ㅍㄴㄴㄴㄹ노낲ㅇㅎ오ㅓㅇㅍㅇㅎ옻ㅇㅎㄴㅎㅍㄴㅎ노머ㅠㄴㅍ엎ㅇㅊㅇㅍㅇㅍㅎㅇㅊ오ㅓㄴㅍ노ㅗㄴㅍ유어ㅗㅇㅍㅎㅇㅍㅇㅍㅇㅍㅍㅇㅍ높ㄴㅊㄴㄹㅊㄴㅍ노ㅓㅓㄴㅍㅇㅍㅇㅎㅎㄴ😂😂
155,역시라면영상이가장끌리죠~
156,AwwhesaidhiinCambodian(oneofmylanguages)
157,돌산갓김치맛있죠!사실여수사람이라ㅋㅋㅋㅋㅋ
158,짜파구리먹는소리가군침을돋우네요
159,귀여우심🔥👍
160,너무배고파~🤤
161,omg.veryhandsomeoppaa...iamfromindonesiaandilikenoodles😍😍🤗🤗😋😋
162,thewayyoumoveyourhandsandcrunchysoundcomesitdrivemecrazyaboutyou
163,Euvejoseusvideosdepoisficocomfome;-;elegalseusvídeosésim...maisdepoisficocomfome:(
164,Iloveyou♥️
165,After2weeksnottoseethisguysfinallyicouldstreamhisvid💗
166,재열띠~~!!!영상은필히이어폰끼고들어야겠어요^^소리가아~주귀를간질~간질~입안에너침이꼴깍~!!^^ㅋ오늘도풀영상에좋아요로달려봅니당~~^^♡♡♡
167,GER😂
168,우리동네엔안나와ㅠ트러플ㅠ
169,最後腹いっぱいだから食べさせたな笑
170,whydoeshelow-keylooklikedoyoung
171,이분은살이안찌네부럽다
172,你吃面，我吃包装，讲究人👍
173,"Ahhh,you'resogoodatasmr,ilysm😖💓💓💞💗💖😭😭💓💞💗"
174,好好吃呀！😋😋
175,..새벽에.....와우
176,良い咀嚼音❤️毎回うまそうなもんばかり
177,💟💟💟💟💞💞💞💞💝💝💝
178,目玉焼き食べてるところ好き
179,カミカミ音、最高です(///∇///)♥️
180,Demongorgon
181,Çoxyaraşıqlıoğlansankpopdakıoğlanaoxşuyursanbəyəndim.səsinvar?
182,麺類のくちゃくちゃ音はめっちゃ好き
183,"It’s1amhereinourcountry,BothofmyparentsprobablythinksthatI’matsleep—butnot,bcsI’mwatchingJaeYeoleating:>>"
184,"Whysocutteeee,oppppaaaaaa?😍😍"
185,나도오늘짜파게티먹어야지!!!
186,Graciasporlossubtitulosenespañol:D
187,挨拶の種類が増えてるw
188,Выглядитаппетитненько😋😋😋
189,พูดภาษาไทยได้ด้วยยย❤
190,Goodisyoueatthatramen😋😋
191,CanyousayBONJOURinthebeginningplease😂🤗
192,It'slike3AMherebuthereIamwatchingyoueatingwhatIlikethemost.You'recutebutcruel.Keepupthegoodwork😂
193,어머저갓김치에완전군침확💗😋
194,美味そう夏休みの8月21日に韓国🇰🇷に行きます
195,Isnoonegonnay’allabout6:30?😂
196,새벽에괜히봐쓰..😭🐷
197,手袋美味しかったです😂😂😂
198,💜💜💜💜🙆🏻‍♀️
199,으어..방금밥먹었는데또패고파...역시돼지다운인생...
200,いっぱい食べてるのに太らないのは何故なのか笑笑
201,Asmrindonesianfoodplease!
202,"지금밤11:11인데이거보니까배고파요,,다이어트해야하는데ㅠㅠㅠㅠ"
203,트러플짜파게티는어떤맛인지한번먹어보고싶네요~^^좋은영상잘봤습니다~다음에도좋은영상부탁해요~~^^
204,なんかこの動画見てたら岡崎体育の曲思い出した
205,食べ物も美味しそうだけどこの方、3年A組の時の菅田将暉に似てる
206,สวัสดีภาษาไทยด้วยน่ารักก😍
207,¿Alguienhablaespañol:D?
208,흐이이이이익썸네일보고놀라서들어왔어요오늘도소리가정말좋네요!:)
209,오대박11빠
210,There'sbaggersandthebottomsofsocietythateatwithloudsoundsinmycountry.
211,Questionhowareyounotfatfordoingthisjustwantedtoknow
212,ThegreetinginSPANISH..pleasebro....
213,いい食べっぷりですね😆
214,헐군침이막도네요ㅎㅎ갓김치가저렇게생긴거군요오호짜파게티진짜먹고싶었는데재열님이대신드셔주시네욬ㅋㅋㅋ
215,大食いになってきてね、笑
216,うまそー。🤤🤤🤤🤤🤤
217,ILOVEyourvideossoooomuch!!!😍
218,Thosenoodleslookstasty:d
219,"먹토,거식증아니길바래요..파이팅👍🖐💪💪"
220,よし今日焼きそば食べよう
221,やばーいめっちゃうまそー‪(◜௰◝)
222,Ilovethewayyoueatthategghahasofunny
223,พูดไทยได้ด้วยว่ะ555
224,가서뺏어먹고싶다
225,キムチ食べてるとき小動物みたいでかわいい
226,ちゃんとお皿を添えていてとても素敵ですね
227,Wow😆💜
228,Semeantojotodoloquecomió!
229,다음에는좀촉촉하게카메라에나오게해주세욤ㅎㅎ
230,삼키실때꽉꽉..왠오리소리가이리자주;오늘영상에유난히크고신경쓰이네요
231,It’ssogood😊IlikeyourvideosomuchDeliciousmeal😋✨
232,めっちゃ食べたーい🤤このキムチ普通のより辛いんかなぁ
233,#satisfying
234,I'mThailandสวัสดีครับ
235,HiIFromIndonesia
236,พี่เป็นคนไทยหรอออ
237,Wow💖youarefightingnoodles😁😁😁Iwanteat👍☺
238,Tbhyoulooklikeasinger
239,JaeYeolsaranghae~~~~~~
240,혹시먹토는안하죠....?
241,太らん体型って羨まし過ぎる。(´ﾟдﾟ｀)　あとこっちはプラスチック製食べたくない～
242,これはやばい😱
243,썸넬이랑미리보기가유디티님이앙비슷해보이는데....?
244,Clickedsofast.Iloveyousomuch.Youarethecutesthehe💖💖💖
245,サムネのキムチが蛸に見えてしまった
246,나는너를사랑해.
247,Salamnya🇮🇩yabahasaindonesialagiya
248,"ㅜ먀ㅠ뇨ㅗ자ㅑ너ㅜㅝ여돠ㅣㅔㄴ,ㅜ느ㅗ너ㅡ더ㅓㅓ눈ㅡ나너누드여ㅕ누2ㅏ너두더여누누뎌두ㅗ무ㅡ투툐ㅠㅜ자재2ㅓㅕ도ㅜ트탸ㅑㅓ댜7ㄴ62ㅓㅓ36ㅕ눈,ㅝ트ㅏㅌ"
249,트러플짜파게티맛있겠다
250,Amazing
251,"드셨던짜파게티중에최고라니저두당장먹어봐야겠어요,,,🤭"
252,コレ見てると喉がごくごくゆってる
253,耳の保養保養♪
254,"맛있겠다.,"
255,malamjugalul
256,한자다!!!!!
257,"0:29""Xinchào"":))"
258,UGHIMHUNGRY
259,Iloveyourbigbite😍
260,Andmerhaba😄😄😄😂🇹🇷🇹🇷🇹🇷🇹🇷🇹🇷🇰🇷🇰🇷🇰🇷🇰🇷
261,Yuuumy
262,いきすぎ
263,MLONCH
264,これみて焼きそば食べたくなった……
265,요리하는거좋아하세요??🍴🙂
266,おいしそうすぎる
267,Whowhatchingthesevideosandhungry?
268,なんか普通にご飯食ってるみたいで草
269,THEEGGPARTGOTMYUWUS
270,マジで韓国人の顔好きだわ(唐突)
271,いつもこの人が頑張ってくれてるおかげで耳回復出来てるんだよな…体に気をつけて
272,맜있겠다.나짜장면좋아하는데
273,食べたい、、、
274,Thatsofull
275,最後の目玉焼きの食べ方なんなん😚すき
276,SelamatmalamJaeYeol
277,挨拶がまた1つ増えてる！인사또하나증가！
278,挨拶の言葉増えてていいなぁと思う☺️
279,チャパゲティ頼んだからこのメニューで食べてやる！って思ってるんだけど、このキムチどこにあるんだろ白菜のしか見かけないんだけど
280,comidireito
281,너는잘먹는다.
282,この麺みんな美味しそう美味しそうって言うけどほんとはクソまずいんだよな...焦げの味しかしないんだよな...韓国人好みの味
283,うまそー!食べてー
284,マスタードキムチのシャキシャキ音がたまらない。。チャパゲティ美味しいよね…
285,진짜맛있겠다못참아
286,😡😂
287,美味しそう
288,1:01
289,いつも思うけど、概要欄の押してくださいってゆうのどこを押せと？w
290,美味そう
291,ㄕㄟㄨㄖㄠㄖㄠㄒㄟㄎ
292,흠맛이어때?
293,明日の昼は焼きそばに半熟の目玉焼き乗せてキムチと一緒に食べることにしよう………！
294,Indonesialike😊
295,약간블랫넛닮으심
296,あなたの見た目からこの量産の食べ物が入っていくのが面白いから何度も見てしまうのだろう
297,0:28selamatmalam/ygindolike
298,"MantapJae,selamatpagiJae.✋👋"
299,お腹すいてたの？(*'ω'*)❁*·⑅
300,Ps.Loveyou
301,Wowyouknowspeakvietnamese
302,0:28selamatmalamindonesia
303,このラーメンたべてみたいです。
304,tôingườiviệtnamnhưngvẫnủnghộbạn<3
305,สวัสดีครับ😘
306,อยากกินจังเลย
307,目玉焼きは半熟派です
308,Indonesiamanasuaranya🙋‍♀️🇮🇩
309,こんばんはのバリエーション増えてる？！
310,YouspeakJapanese?
311,0:28
312,お腹いっぱいになったら食べさせてくれるスタイル😂😂😂
313,Nice❤❤❤❤
314,YourthebestIloveyourvideosandyou❤️❤️
315,너는너무많이먹는다.
316,👍👌nice
317,ぐちゃぐちゃ汚ねぇ
318,pertamadariindonesia🙏🙏🙏
319,你好(•̀∀•́)
320,Noentendi
321,え！え！え！？？？ちょっとまってええええ！？え！？挨拶の言語が増えてる！？！？え！！？感動…😭
322,Fromvietnames
323,え、3:07天使じゃね？
324,다이어트중인데......먹고싶다~~~~~~~~~~~~~~~~~~~~~~~~~~~~
325,チャパゲティ........
326,дашьпопробувать
327,これ撮影後にちゃんと全部食べてるのかな？
328,ひとくちデカイ！
329,なんかASMR動画から大食い動画になりつつあるw
330,Aúnnosécómoaguantantantahijuep*tacomidastosmorros
331,I'venevertrytoeatblackbeannoodlebutIlikewatchingotherpeopleeatthem
332,인사가늘었네요
333,この人の食べる物全部美味しそう
334,앗저계란후라이는!!분명모양이똥그랗게잡힌프라이펜에했을예정땅땅
335,"어떻게그렇게을-flower,자,붕괴,근데없어?"
336,Howmanylanguagecanyouspeak?IspeakEnglishthaiDanishGreenlandic
337,挨拶が増えてる！
338,:3
339,Cool!
340,いや左手白すぎん？と思ったらビニール手袋だった
341,チャパゲティって焼きそばとは違うのかな？🤔
342,สวัสดีครับ
343,สวัสดีครับ
344,Xinchào:^)
345,あれ、いつの間にか挨拶増えてる？笑
346,ใครคนไทยขอไลค์หน่อย
347,Endogteruskoreacuk
348,Dễthươngquá!
349,اليعربيلايك
350,Age?
351,Ganteng..😍
352,1:38.......?
353,いやぁ〜よく食べるねぇこういう人って頑張って料理したら美味しく食べてくれるイメージがあるなぁw
354,러시아말도해주세요
355,これって大食い？量多すぎるw
356,못먹을땐앞으로버리기!!!!
357,あ！挨拶増えてるᵕ̈*
358,Manasuaranyaorangendonesia
359,สวัดดีคับ
360,Kelihatannyalezat😍
361,ไทยครับ
362,Janganbisinglugwcakarmukalu
363,이렇게많이먹는데왜살이안찌세요???
364,Jeucroisquejesuislaseulefrançaisearegarder
365,Imfromindonesia
366,カロリーヤバめやけど、食べたい。腹へリ
367,สวัสดีคะ
368,0:29xinchào:3
369,잘생겼다
370,"Janganterlalubanyakmakanmie,nantikauakansakit,lebihbaikmenjagakesehatanmudanmakanmakananyangbergizibuatASMRmu.."
371,まだ挨拶が通常スピードだった頃
372,Iwantyoutoknowhowmuchyouweigh😁😘😘
373,Kingofasmriloveyoureasmrvideos😍😍😍😘
374,에휴ㅋㅋ
375,左手つかえ
376,初めてみたけと面白いです一回食べたい
377,พูดไทยได้ด้วย
378,Selamatmalam🙏😄
379,Xinchào😂
380,Canyousayhelloinspanichtooplease😁?
381,こんだけ食べてなぜこんな肌綺麗で顔ちっちゃいのかな
382,พูดไทยได้ซักที
383,"NormallyIdon'tlikethesekindsofvideos,buthisattitudethroughoutthevideomakesthissomuchfuntowatchlol"
384,ไทยอยู่ไหนน
385,CanyousaySalamalaikom
386,good
387,Xinchào🇻🇳🇻🇳🇻🇳🇻🇳
388,初めっから食えれる量にしとけばいいのに
389,Wow
390,"I,amindo"
391,Youeatitlikeaboss😎
392,Indonesia?
393,"Masihpagikokmalah""SelamatMalam""????"
394,Replytome
395,Nyooommm
396,Iloveyoukorea
397,Afterthesevideosyouprobgoonaextremeworkoutaftereatingallthefood..
398,いやほんとこの組み合わせ食ってみたい
399,これって全部食べてるんですか？それとも残ったら捨ててるの？捨ててそう。。
400,Selamatmalamindo
401,cóxinchàokìamấybácViệtNamơi~~~
402,飲み込むときの音がなんかすげぇ
403,Wahhebat
404,Whatisheeating
405,은근대식가시네
406,Xinchào
407,Isitjustmeordoeshelookalotlikewonwoofromsvt?
408,焼きそばみたい
409,wow
410,kaitumiehitamnyapedesgak?(Indonesia)
411,Tidakpedasbang
412,doyounowindonesia
413,"JaeYeols:eatsalotfullofnoodles,eggs,andotherfoodsanddoesn'tgananyweightMe:*looksatfoodandgans1,000pounds*"
414,Youisbhsindonesiawawgoodyoudiscalngefoodehgiantpig
415,Areuokbabe😮
416,lovefromindonesiahijaeyeoliliketheyourvideo😇😇😇😇☺☺☺☺
417,Wawberapanegaraygdisebutin
418,Selamatmalam
419,Xinchào!!-fromViệtNam
420,👍👍👍👍👍👍👍👍
421,ChanelyougoodsubscribejugaChanelkuRaihanFachrycardana
422,좀먹을만큼만해라항상음식남기고먹여주는거하면서다버리네에효아까운줄알아야지
423,morisugiyarogyaha
424,Makaitulangdekkih
425,なんか日本の目玉焼きって綺麗よな
426,خيبة
427,Yaselamatmalamtokoreadariindonesia
428,Yaallahakusukavideoini
429,知らんうちに本人食べさせられるようになってた。
430,.
431,この人のこんだけ食っててかなり細いけどやっぱ飲み込まないで咀嚼してるだけ？
432,XinchàoJaeYeol
433,Anhbiknóitiêngvietnamhã
434,Anhbiknóitiêngvietnamhã
435,ㄸ
436,Xinchàobạn
437,먹고싶다
438,wow
439,https://youtu.be/uTeCyqoIatI
440,methai
441,Mantab
442,الييحبفرقهبيتياسيحطلايكخلانشوفمنويحبهم
443,Itusepertinyapedas
444,AnhbtnóiTiếngViệthả
445,"먹기싫으면맨날우리주더라당신....저거다버리는건아니지,,하아까워먹고싶다"
446,挨拶ふえたあああ
447,Enak
448,Malam
449,Isgood
450,I'msorryI'mverylate😂butIreservedthisvideoforthenightsoI'mreadybutah친척nowI'mhungry😂😭💕andforfinishgoodappetite😊OhhandIfromFrance❤️SoBonjour🇫🇷fromFrance😂🤤❤️
451,Whoelseisvietnamesehere?Xinchào
452,😴😴😴
453,Xinchào
454,Xinchào
455,Cute
456,Selamatmalam☺️
457,انااحبكولاكنانتلقداكلتporkواناmouslimولاااكلهذاالطعام
458,Youarethebest💜💜💜💜💜😘😘😘😘
459,masuta-dokimutihosiinala
460,Wannaeat
461,iwantsomesoooobad
462,まずそんなに食べれない
463,Bietnoitusinchaokia
464,韓国では刺し箸っていいの？
465,この時間は罪、、、、♡食べてる顔えちえちすぎ
466,👍👍👍😜😜😜😜😜💖💖💖💖💖😘😘😘😘😘
467,😂😂😂😂😂😂😂😂😂😂😂😂😂😂😂😂😂😂🚻🚾🚾🚾🚾🚾🚾🚾🚾🚾🚾🚾🚾🚾🚾🚾🚾🚾🚾🚾🚾🚾🚾🚾🚾🚾🚾🚾🚾🚾🚾🚾🚾🚾🚾🚾🚾🚾🚾🚾🚾🚾🚾🚾🚾🚾🚾🚾🚾🚾🚾🚾🚾🚾🚾🚾🚾🚾🚾🚾🚾🚾🚾🚾🚾🚾🚾🚾🚾🚾🚾🚾🚾🚾🚾🚾🚾🚾🚾🚾🚾🚾🚾🚾🚾🚾🚾🚾🚾🚾🚾🚾🚾🚾🚾🚾🚾あんず💯💯💯💯💯💯💯💯💯💯💯💯💯💯💯💯💯💯💯💯💯💯💯💯💯💯💯💯💯💯💯💯💯💯💯💯💯💯💯💯💯💯💯💯💯💯💯💯💯💯💯💯💯💯💯💯💯
468,TuilàngưoeifVIỆTNAM
469,#neo@selamatmalam
470,Heisverycuet
471,Jaeyolnottobemeanoranythingbutthisisn'tveryexoticlikealltheoldvidslatelythesebeenalittlelessInterestingIwouldsubbutitwouldembarrassmetoallmyfam
472,X
473,Fake
0,그래도통연어때보다는요각도가훨~씬나은것같습니다ㅎㅎ!통연어때는피아노위에tmi가넘나많았어요^^;;;;보는제가다불편했네요ㅎㅎ좋아요누르고갑니다힘내세용^^!
